USE [Papeleria]
GO
SET IDENTITY_INSERT [dbo].[Articulos] ON 
GO
INSERT [dbo].[Articulos] ([Id], [Nombre], [Descripcion], [CodProd], [Precio], [Stock]) VALUES (1, N'Cuaderno A4', N'Cuaderno tamaño A4 con tapa dura', N'9363543010000', 50, 100)
GO
INSERT [dbo].[Articulos] ([Id], [Nombre], [Descripcion], [CodProd], [Precio], [Stock]) VALUES (2, N'Lápiz negro', N'Lápiz negro número 2B', N'9363543010001', 15, 200)
GO
INSERT [dbo].[Articulos] ([Id], [Nombre], [Descripcion], [CodProd], [Precio], [Stock]) VALUES (3, N'Bolígrafo metal', N'Bolígrafo de tinta azul', N'9363543010002', 35, 150)
GO
INSERT [dbo].[Articulos] ([Id], [Nombre], [Descripcion], [CodProd], [Precio], [Stock]) VALUES (4, N'Goma bicolor', N'Goma de borrar blanca', N'9363543010003', 20, 200)
GO
INSERT [dbo].[Articulos] ([Id], [Nombre], [Descripcion], [CodProd], [Precio], [Stock]) VALUES (5, N'Carpeta oficio', N'Carpeta de plástico tamaño oficio', N'9363543010004', 100, 50)
GO
INSERT [dbo].[Articulos] ([Id], [Nombre], [Descripcion], [CodProd], [Precio], [Stock]) VALUES (6, N'Borrador de madera', N'Borrador de pizzarra', N'9363543010005', 20, 100)
GO
INSERT [dbo].[Articulos] ([Id], [Nombre], [Descripcion], [CodProd], [Precio], [Stock]) VALUES (7, N'Estuche escolar', N'Estuche para útiles', N'9363543010006', 80, 80)
GO
INSERT [dbo].[Articulos] ([Id], [Nombre], [Descripcion], [CodProd], [Precio], [Stock]) VALUES (8, N'Regla de 30cm', N'Regla de plástico de 30 cm', N'9363543010007', 45, 120)
GO
INSERT [dbo].[Articulos] ([Id], [Nombre], [Descripcion], [CodProd], [Precio], [Stock]) VALUES (9, N'Sacapuntas metal', N'Sacapuntas metálico con depósito', N'9363543010008', 30, 80)
GO
INSERT [dbo].[Articulos] ([Id], [Nombre], [Descripcion], [CodProd], [Precio], [Stock]) VALUES (10, N'Corrector liquido', N'Corrector líquido de secado rápido', N'9363543010009', 60, 60)
GO
INSERT [dbo].[Articulos] ([Id], [Nombre], [Descripcion], [CodProd], [Precio], [Stock]) VALUES (11, N'Bloc de notas', N'Bloc de notas con tapa dura', N'9363543010041', 120, 180)
GO
INSERT [dbo].[Articulos] ([Id], [Nombre], [Descripcion], [CodProd], [Precio], [Stock]) VALUES (12, N'Block de hojas', N'Hojas de papel A4', N'9363543010042', 255, 150)
GO
INSERT [dbo].[Articulos] ([Id], [Nombre], [Descripcion], [CodProd], [Precio], [Stock]) VALUES (13, N'Pegamento 200g', N'Pegamento liquido 200g', N'9363543010043', 90, 100)
GO
INSERT [dbo].[Articulos] ([Id], [Nombre], [Descripcion], [CodProd], [Precio], [Stock]) VALUES (14, N'Tijeras P.Redonda', N'Tijeras de acero inoxidable de punta redonda', N'9363543010044', 115, 70)
GO
INSERT [dbo].[Articulos] ([Id], [Nombre], [Descripcion], [CodProd], [Precio], [Stock]) VALUES (15, N'Libreta de dibujo', N'Libreta de dibujo con hojas en blanco', N'9363543010045', 300, 150)
GO
INSERT [dbo].[Articulos] ([Id], [Nombre], [Descripcion], [CodProd], [Precio], [Stock]) VALUES (16, N'Marcadores x6', N'Set de 6 marcadores de colores surtidos', N'9363543010046', 220, 80)
GO
INSERT [dbo].[Articulos] ([Id], [Nombre], [Descripcion], [CodProd], [Precio], [Stock]) VALUES (17, N'Caja de colores', N'12 lápices de colores', N'9363543010047', 90, 100)
GO
INSERT [dbo].[Articulos] ([Id], [Nombre], [Descripcion], [CodProd], [Precio], [Stock]) VALUES (18, N'Cinta adhesiva', N'Rollo de cinta adhesiva transparente', N'9363543010048', 70, 300)
GO
INSERT [dbo].[Articulos] ([Id], [Nombre], [Descripcion], [CodProd], [Precio], [Stock]) VALUES (19, N'Tempera Negra', N'Pintura tempera color negro', N'9363543010049', 55, 70)
GO
INSERT [dbo].[Articulos] ([Id], [Nombre], [Descripcion], [CodProd], [Precio], [Stock]) VALUES (20, N'Pincel madera', N'Pincel en madera chico', N'9363543010050', 45, 70)
GO
INSERT [dbo].[Articulos] ([Id], [Nombre], [Descripcion], [CodProd], [Precio], [Stock]) VALUES (21, N'Cartucho M', N'Cartucho Magenta para Impresora', N'9363543010051', 200, 180)
GO
INSERT [dbo].[Articulos] ([Id], [Nombre], [Descripcion], [CodProd], [Precio], [Stock]) VALUES (22, N'Cartucho Y', N'Cartucho Amarillo para Impresora', N'9363543010052', 200, 180)
GO
INSERT [dbo].[Articulos] ([Id], [Nombre], [Descripcion], [CodProd], [Precio], [Stock]) VALUES (23, N'Cartucho C', N'Cartucho Cyan para Impresora', N'9363543010053', 200, 180)
GO
INSERT [dbo].[Articulos] ([Id], [Nombre], [Descripcion], [CodProd], [Precio], [Stock]) VALUES (24, N'Cartucho B', N'Cartucho Negro para Impresora', N'9363543010054', 200, 180)
GO
INSERT [dbo].[Articulos] ([Id], [Nombre], [Descripcion], [CodProd], [Precio], [Stock]) VALUES (25, N'Impresora Epson', N'Impresora EPSON multifunción a color', N'9363543010055', 9500, 30)
GO
INSERT [dbo].[Articulos] ([Id], [Nombre], [Descripcion], [CodProd], [Precio], [Stock]) VALUES (26, N'Computadora portátil', N'Lenovo portatil con procesador Intel Core i5', N'9363543010056', 18000, 20)
GO
INSERT [dbo].[Articulos] ([Id], [Nombre], [Descripcion], [CodProd], [Precio], [Stock]) VALUES (27, N'Cuaderno 96h', N'Cuaderno de 96 hojas rayadas', N'9363543010010', 120.5, 50)
GO
INSERT [dbo].[Articulos] ([Id], [Nombre], [Descripcion], [CodProd], [Precio], [Stock]) VALUES (28, N'Cuaderno Doble Raya', N'Cuaderno de 96 hojas doble raya', N'9363543010011', 120.5, 50)
GO
INSERT [dbo].[Articulos] ([Id], [Nombre], [Descripcion], [CodProd], [Precio], [Stock]) VALUES (29, N'Lápiz de grafito', N'Lápiz de grafito HB', N'9363543010020', 10.3, 200)
GO
INSERT [dbo].[Articulos] ([Id], [Nombre], [Descripcion], [CodProd], [Precio], [Stock]) VALUES (30, N'Bolígrafo negro', N'Bolígrafo de tinta negra', N'9363543010012', 15, 150)
GO
INSERT [dbo].[Articulos] ([Id], [Nombre], [Descripcion], [CodProd], [Precio], [Stock]) VALUES (31, N'Goma de Borrar', N'Goma de borrar para lápiz', N'9363543010013', 5.75, 300)
GO
INSERT [dbo].[Articulos] ([Id], [Nombre], [Descripcion], [CodProd], [Precio], [Stock]) VALUES (32, N'Regla de 20cm', N'Regla de plástico 20cm', N'9363543010014', 25, 80)
GO
INSERT [dbo].[Articulos] ([Id], [Nombre], [Descripcion], [CodProd], [Precio], [Stock]) VALUES (33, N'Tijeras punta roma', N'Tijeras para personal medico', N'9363543010015', 45, 70)
GO
INSERT [dbo].[Articulos] ([Id], [Nombre], [Descripcion], [CodProd], [Precio], [Stock]) VALUES (34, N'Calculadora Científica', N'Calculadora con funciones avanzadas', N'9363543010016', 750, 40)
GO
INSERT [dbo].[Articulos] ([Id], [Nombre], [Descripcion], [CodProd], [Precio], [Stock]) VALUES (35, N'Mochila Escolar', N'Mochila resistente al agua', N'9363543010017', 1200, 30)
GO
INSERT [dbo].[Articulos] ([Id], [Nombre], [Descripcion], [CodProd], [Precio], [Stock]) VALUES (36, N'Cartuchera', N'Cartuchera de tela', N'9363543010018', 85, 60)
GO
INSERT [dbo].[Articulos] ([Id], [Nombre], [Descripcion], [CodProd], [Precio], [Stock]) VALUES (37, N'Pegamento 20g', N'Pegamento en Barra de 20g', N'9363543010019', 20, 150)
GO
INSERT [dbo].[Articulos] ([Id], [Nombre], [Descripcion], [CodProd], [Precio], [Stock]) VALUES (38, N'Cuaderno A5', N'Cuaderno de 190 hojas', N'9363543010021', 150, 55)
GO
INSERT [dbo].[Articulos] ([Id], [Nombre], [Descripcion], [CodProd], [Precio], [Stock]) VALUES (39, N'Estuche FC en madera', N'Super resistente, incluye 120 Lápices de colores', N'9363543010022', 8800, 90)
GO
INSERT [dbo].[Articulos] ([Id], [Nombre], [Descripcion], [CodProd], [Precio], [Stock]) VALUES (40, N'Bolígrafo Rojo', N'Bolígrafo tinta roja', N'9363543010023', 15, 150)
GO
INSERT [dbo].[Articulos] ([Id], [Nombre], [Descripcion], [CodProd], [Precio], [Stock]) VALUES (41, N'Portaminas FC', N'Portaminas 0.5mm', N'9363543010024', 35, 120)
GO
INSERT [dbo].[Articulos] ([Id], [Nombre], [Descripcion], [CodProd], [Precio], [Stock]) VALUES (42, N'Resaltador FC', N'Resaltador amarillo', N'9363543010025', 20, 110)
GO
INSERT [dbo].[Articulos] ([Id], [Nombre], [Descripcion], [CodProd], [Precio], [Stock]) VALUES (43, N'Corrector Líquido', N'Corrector con pincel', N'9363543010026', 18, 75)
GO
INSERT [dbo].[Articulos] ([Id], [Nombre], [Descripcion], [CodProd], [Precio], [Stock]) VALUES (44, N'Cuaderno de Dibujo', N'Cuaderno con hojas blancas', N'9363543010027', 130, 40)
GO
INSERT [dbo].[Articulos] ([Id], [Nombre], [Descripcion], [CodProd], [Precio], [Stock]) VALUES (45, N'Papel Bond', N'Resma de papel bond A4', N'9363543010028', 400, 25)
GO
INSERT [dbo].[Articulos] ([Id], [Nombre], [Descripcion], [CodProd], [Precio], [Stock]) VALUES (46, N'Marcadores x10', N'Set de 10 marcadores', N'9363543010029', 350, 85)
GO
INSERT [dbo].[Articulos] ([Id], [Nombre], [Descripcion], [CodProd], [Precio], [Stock]) VALUES (47, N'Archivador', N'Archivador de 2 anillos', N'9363543010030', 60, 100)
GO
INSERT [dbo].[Articulos] ([Id], [Nombre], [Descripcion], [CodProd], [Precio], [Stock]) VALUES (48, N'Clips metalicos', N'Caja de 100 clips', N'9363543010031', 55, 250)
GO
INSERT [dbo].[Articulos] ([Id], [Nombre], [Descripcion], [CodProd], [Precio], [Stock]) VALUES (49, N'Pizarra Blanca', N'Pizarra de 90x60cm', N'9363543010032', 550, 20)
GO
INSERT [dbo].[Articulos] ([Id], [Nombre], [Descripcion], [CodProd], [Precio], [Stock]) VALUES (50, N'Caja de Tiza', N'Caja de 50 tizas', N'9363543010033', 90, 60)
GO
INSERT [dbo].[Articulos] ([Id], [Nombre], [Descripcion], [CodProd], [Precio], [Stock]) VALUES (51, N'Grapadora metal', N'Grapadora de hojas', N'9363543010034', 120, 40)
GO
INSERT [dbo].[Articulos] ([Id], [Nombre], [Descripcion], [CodProd], [Precio], [Stock]) VALUES (52, N'Caja de Grapas', N'Caja de 1000 grapas', N'9363543010035', 90, 150)
GO
INSERT [dbo].[Articulos] ([Id], [Nombre], [Descripcion], [CodProd], [Precio], [Stock]) VALUES (53, N'Perforadora', N'Perforadora de dos orificios', N'9363543010036', 110, 70)
GO
INSERT [dbo].[Articulos] ([Id], [Nombre], [Descripcion], [CodProd], [Precio], [Stock]) VALUES (54, N'Sobre Manila x10', N'Paquete de 10 sobres', N'9363543010037', 50, 80)
GO
INSERT [dbo].[Articulos] ([Id], [Nombre], [Descripcion], [CodProd], [Precio], [Stock]) VALUES (55, N'Plastilina x12', N'Paquete de 12 colores', N'9363543010038', 120, 90)
GO
INSERT [dbo].[Articulos] ([Id], [Nombre], [Descripcion], [CodProd], [Precio], [Stock]) VALUES (56, N'Témperas x6', N'Set de 6 colores', N'9363543010039', 90, 60)
GO
INSERT [dbo].[Articulos] ([Id], [Nombre], [Descripcion], [CodProd], [Precio], [Stock]) VALUES (57, N'Pinceles x5', N'Set de 5 pinceles dif. tamaños', N'9363543010040', 75, 70)
GO
INSERT [dbo].[Articulos] ([Id], [Nombre], [Descripcion], [CodProd], [Precio], [Stock]) VALUES (58, N'Papel de Colores', N'Resma de papel de colores A4', N'9363543010057', 300, 50)
GO
INSERT [dbo].[Articulos] ([Id], [Nombre], [Descripcion], [CodProd], [Precio], [Stock]) VALUES (59, N'Carpeta Azul', N'Carpeta de plástico color azul', N'9363543010058', 80, 50)
GO
INSERT [dbo].[Articulos] ([Id], [Nombre], [Descripcion], [CodProd], [Precio], [Stock]) VALUES (60, N'Libreta de Cuadros', N'Libreta con hojas cuadriculadas', N'9363543010059', 150, 60)
GO
INSERT [dbo].[Articulos] ([Id], [Nombre], [Descripcion], [CodProd], [Precio], [Stock]) VALUES (61, N'Estuche Grande', N'Estuche grande para útiles escolares', N'9363543010060', 120, 40)
GO
INSERT [dbo].[Articulos] ([Id], [Nombre], [Descripcion], [CodProd], [Precio], [Stock]) VALUES (62, N'Rotuladores x10', N'Set de 10 rotuladores de colores', N'9363543010061', 180, 30)
GO
INSERT [dbo].[Articulos] ([Id], [Nombre], [Descripcion], [CodProd], [Precio], [Stock]) VALUES (63, N'Borrador Escolar', N'Borrador de pizarra para estudiantes', N'9363543010062', 25, 100)
GO
INSERT [dbo].[Articulos] ([Id], [Nombre], [Descripcion], [CodProd], [Precio], [Stock]) VALUES (64, N'Tijeras Escolares', N'Tijeras escolares para niños', N'9363543010063', 30, 120)
GO
INSERT [dbo].[Articulos] ([Id], [Nombre], [Descripcion], [CodProd], [Precio], [Stock]) VALUES (65, N'Caja de Lápices', N'Caja de 24 lápices de colores', N'9363543010064', 100, 50)
GO
INSERT [dbo].[Articulos] ([Id], [Nombre], [Descripcion], [CodProd], [Precio], [Stock]) VALUES (66, N'Corrector en Barra', N'Corrector en barra de fácil uso', N'9363543010065', 15, 80)
GO
INSERT [dbo].[Articulos] ([Id], [Nombre], [Descripcion], [CodProd], [Precio], [Stock]) VALUES (67, N'Pegamento de Barra', N'Pegamento en barra sin solventes', N'9363543010066', 20, 150)
GO
INSERT [dbo].[Articulos] ([Id], [Nombre], [Descripcion], [CodProd], [Precio], [Stock]) VALUES (68, N'Portaminas', N'Portaminas 0.7mm con goma', N'9363543010067', 40, 70)
GO
INSERT [dbo].[Articulos] ([Id], [Nombre], [Descripcion], [CodProd], [Precio], [Stock]) VALUES (69, N'Regla Transparente', N'Regla de plástico transparente', N'9363543010068', 30, 90)
GO
INSERT [dbo].[Articulos] ([Id], [Nombre], [Descripcion], [CodProd], [Precio], [Stock]) VALUES (70, N'Calculadora Básica', N'Calculadora de funciones básicas', N'9363543010069', 150, 60)
GO
INSERT [dbo].[Articulos] ([Id], [Nombre], [Descripcion], [CodProd], [Precio], [Stock]) VALUES (71, N'Maletín Portadocumentos', N'Maletín para documentos A4', N'9363543010070', 250, 40)
GO
INSERT [dbo].[Articulos] ([Id], [Nombre], [Descripcion], [CodProd], [Precio], [Stock]) VALUES (72, N'Etiquetas Adhesivas', N'Pack de 100 etiquetas adhesivas', N'9363543010071', 45, 100)
GO
INSERT [dbo].[Articulos] ([Id], [Nombre], [Descripcion], [CodProd], [Precio], [Stock]) VALUES (73, N'Pizarra Magnética', N'Pizarra magnética para notas', N'9363543010072', 120, 30)
GO
INSERT [dbo].[Articulos] ([Id], [Nombre], [Descripcion], [CodProd], [Precio], [Stock]) VALUES (74, N'Papel Fotográfico', N'Resma de papel fotográfico A4', N'9363543010073', 180, 40)
GO
INSERT [dbo].[Articulos] ([Id], [Nombre], [Descripcion], [CodProd], [Precio], [Stock]) VALUES (75, N'Cinta de Papel', N'Cinta adhesiva de papel para manualidades', N'9363543010074', 10, 200)
GO
INSERT [dbo].[Articulos] ([Id], [Nombre], [Descripcion], [CodProd], [Precio], [Stock]) VALUES (76, N'Caja de Ceras', N'Pack de 12 ceras de colores', N'9363543010075', 80, 60)
GO
INSERT [dbo].[Articulos] ([Id], [Nombre], [Descripcion], [CodProd], [Precio], [Stock]) VALUES (77, N'Portafolios', N'Portafolios para documentos tamaño carta', N'9363543010076', 60, 80)
GO
INSERT [dbo].[Articulos] ([Id], [Nombre], [Descripcion], [CodProd], [Precio], [Stock]) VALUES (78, N'Grapadora Pequeña', N'Grapadora pequeña para escritorio', N'9363543010077', 25, 150)
GO
INSERT [dbo].[Articulos] ([Id], [Nombre], [Descripcion], [CodProd], [Precio], [Stock]) VALUES (79, N'Papel para Origami', N'Pack de 100 hojas de papel para origami', N'9363543010078', 15, 200)
GO
INSERT [dbo].[Articulos] ([Id], [Nombre], [Descripcion], [CodProd], [Precio], [Stock]) VALUES (80, N'Folder Ejecutivo', N'Folder ejecutivo tamaño oficio', N'9363543010079', 90, 50)
GO
SET IDENTITY_INSERT [dbo].[Articulos] OFF
GO
SET IDENTITY_INSERT [dbo].[Clientes] ON 
GO
INSERT [dbo].[Clientes] ([Id], [Rut], [NombreCompleto_Nombre], [NombreCompleto_Apellido], [RazonSocial], [Direccion_Calle], [Direccion_Numero], [Direccion_Ciudad], [Distancia]) VALUES (1, N'112233445500', N'Juan', N'García', N'Papelera La Central S.A.', N'18 de Julio', 7895, N'Montevideo', 1.4)
GO
INSERT [dbo].[Clientes] ([Id], [Rut], [NombreCompleto_Nombre], [NombreCompleto_Apellido], [RazonSocial], [Direccion_Calle], [Direccion_Numero], [Direccion_Ciudad], [Distancia]) VALUES (2, N'223344556600', N'María', N'Rodríguez', N'Papelería San Martín S.R.L.', N'General Artigas', 9456, N'Paysandú', 420)
GO
INSERT [dbo].[Clientes] ([Id], [Rut], [NombreCompleto_Nombre], [NombreCompleto_Apellido], [RazonSocial], [Direccion_Calle], [Direccion_Numero], [Direccion_Ciudad], [Distancia]) VALUES (3, N'334455667700', N'Carlos', N'Gómez', N'Papelería Italia Ltda.', N'Avda. Italia', 1980, N'Canelones', 20.8)
GO
INSERT [dbo].[Clientes] ([Id], [Rut], [NombreCompleto_Nombre], [NombreCompleto_Apellido], [RazonSocial], [Direccion_Calle], [Direccion_Numero], [Direccion_Ciudad], [Distancia]) VALUES (4, N'445566778800', N'Ana', N'Sanchez', N'Librería El Dorado', N'Avenida Libertador', 1234, N'Buenos Aires', 200)
GO
INSERT [dbo].[Clientes] ([Id], [Rut], [NombreCompleto_Nombre], [NombreCompleto_Apellido], [RazonSocial], [Direccion_Calle], [Direccion_Numero], [Direccion_Ciudad], [Distancia]) VALUES (5, N'556677889900', N'Pedro', N'Martínez', N'Papelería El Faro', N'Calle Cte. Mayor Fernando Acuña', 8789, N'Madrid', 9500)
GO
INSERT [dbo].[Clientes] ([Id], [Rut], [NombreCompleto_Nombre], [NombreCompleto_Apellido], [RazonSocial], [Direccion_Calle], [Direccion_Numero], [Direccion_Ciudad], [Distancia]) VALUES (6, N'667788990000', N'Charles', N'Dupont', N'El Escolar S.A.', N'Rue de la République', 6356, N'París', 10900)
GO
INSERT [dbo].[Clientes] ([Id], [Rut], [NombreCompleto_Nombre], [NombreCompleto_Apellido], [RazonSocial], [Direccion_Calle], [Direccion_Numero], [Direccion_Ciudad], [Distancia]) VALUES (7, N'778899001100', N'Laura', N'Gómez', N'Librería Papelitos', N'Carretera Internacional', 3678, N'Bogotá', 5100)
GO
INSERT [dbo].[Clientes] ([Id], [Rut], [NombreCompleto_Nombre], [NombreCompleto_Apellido], [RazonSocial], [Direccion_Calle], [Direccion_Numero], [Direccion_Ciudad], [Distancia]) VALUES (8, N'889900112200', N'Javier', N'Fernández', N'Papelería El Universo', N'Avenida de 19 Mayo', 2345, N'Buenos Aires', 200)
GO
INSERT [dbo].[Clientes] ([Id], [Rut], [NombreCompleto_Nombre], [NombreCompleto_Apellido], [RazonSocial], [Direccion_Calle], [Direccion_Numero], [Direccion_Ciudad], [Distancia]) VALUES (9, N'990011223300', N'Marcela', N'Benitez', N'Mosca S.A.', N'Calle Alfredo Dominguez', 1723, N'Santiago del Estero', 2100)
GO
INSERT [dbo].[Clientes] ([Id], [Rut], [NombreCompleto_Nombre], [NombreCompleto_Apellido], [RazonSocial], [Direccion_Calle], [Direccion_Numero], [Direccion_Ciudad], [Distancia]) VALUES (10, N'940011220000', N'Marcelo', N'Bueno', N'Palam S.R.L.', N'18 de Julio', 1205, N'Melo', 400)
GO
INSERT [dbo].[Clientes] ([Id], [Rut], [NombreCompleto_Nombre], [NombreCompleto_Apellido], [RazonSocial], [Direccion_Calle], [Direccion_Numero], [Direccion_Ciudad], [Distancia]) VALUES (11, N'112233445600', N'María', N'González', N'Papelería La Montevideana S.A.', N'Mercedes', 1115, N'Montevideo', 4.5)
GO
INSERT [dbo].[Clientes] ([Id], [Rut], [NombreCompleto_Nombre], [NombreCompleto_Apellido], [RazonSocial], [Direccion_Calle], [Direccion_Numero], [Direccion_Ciudad], [Distancia]) VALUES (12, N'223344556700', N'Pedro', N'Rodríguez', N'Papelería San José S.R.L.', N'Avenida San Martín', 3456, N'San José', 100)
GO
INSERT [dbo].[Clientes] ([Id], [Rut], [NombreCompleto_Nombre], [NombreCompleto_Apellido], [RazonSocial], [Direccion_Calle], [Direccion_Numero], [Direccion_Ciudad], [Distancia]) VALUES (13, N'334455667800', N'Luis', N'Ordozogoitia', N'Suministros La Plata Ltda.', N'Calle La Plata', 1180, N'Salto', 480)
GO
INSERT [dbo].[Clientes] ([Id], [Rut], [NombreCompleto_Nombre], [NombreCompleto_Apellido], [RazonSocial], [Direccion_Calle], [Direccion_Numero], [Direccion_Ciudad], [Distancia]) VALUES (14, N'445566778900', N'Pablo', N'Arizabal', N'Librería La Plata', N'Avenida de las Americas', 1234, N'La Plata', 180)
GO
INSERT [dbo].[Clientes] ([Id], [Rut], [NombreCompleto_Nombre], [NombreCompleto_Apellido], [RazonSocial], [Direccion_Calle], [Direccion_Numero], [Direccion_Ciudad], [Distancia]) VALUES (15, N'556677890000', N'María', N'Martínez', N'Papelería El Sol', N'Av. del Sol', 789, N'Barcelona', 9400)
GO
INSERT [dbo].[Clientes] ([Id], [Rut], [NombreCompleto_Nombre], [NombreCompleto_Apellido], [RazonSocial], [Direccion_Calle], [Direccion_Numero], [Direccion_Ciudad], [Distancia]) VALUES (16, N'667788990100', N'André', N'Leclerc', N'Papelería Milu', N'Rue de la Libération', 56, N'Lyon', 10950)
GO
INSERT [dbo].[Clientes] ([Id], [Rut], [NombreCompleto_Nombre], [NombreCompleto_Apellido], [RazonSocial], [Direccion_Calle], [Direccion_Numero], [Direccion_Ciudad], [Distancia]) VALUES (17, N'778899001200', N'Diego', N'Gómez', N'Librería Europea', N'Calle Central', 5678, N'Lima', 5600)
GO
INSERT [dbo].[Clientes] ([Id], [Rut], [NombreCompleto_Nombre], [NombreCompleto_Apellido], [RazonSocial], [Direccion_Calle], [Direccion_Numero], [Direccion_Ciudad], [Distancia]) VALUES (18, N'889900112300', N'Gabriela', N'Fagunudes', N'Papelería La Merced', N'Avenida La Merced', 4345, N'Mercedes', 120)
GO
INSERT [dbo].[Clientes] ([Id], [Rut], [NombreCompleto_Nombre], [NombreCompleto_Apellido], [RazonSocial], [Direccion_Calle], [Direccion_Numero], [Direccion_Ciudad], [Distancia]) VALUES (19, N'990011223400', N'Marcelo', N'González', N'Insumos Escolares.', N'Calle Oeste', 4123, N'Montevideo', 0.9)
GO
INSERT [dbo].[Clientes] ([Id], [Rut], [NombreCompleto_Nombre], [NombreCompleto_Apellido], [RazonSocial], [Direccion_Calle], [Direccion_Numero], [Direccion_Ciudad], [Distancia]) VALUES (20, N'100011220100', N'Luis', N'Gómez', N'Papelería Secundaria', N'Calle del Dorado', 1205, N'Quito', 3200)
GO
INSERT [dbo].[Clientes] ([Id], [Rut], [NombreCompleto_Nombre], [NombreCompleto_Apellido], [RazonSocial], [Direccion_Calle], [Direccion_Numero], [Direccion_Ciudad], [Distancia]) VALUES (21, N'100011221100', N'Ederson', N'Miranda', N'Papelaria Miranda', N'RJ-114', 1675, N'Río de Janeiro', 2900)
GO
INSERT [dbo].[Clientes] ([Id], [Rut], [NombreCompleto_Nombre], [NombreCompleto_Apellido], [RazonSocial], [Direccion_Calle], [Direccion_Numero], [Direccion_Ciudad], [Distancia]) VALUES (22, N'100011221200', N'Lesly', N'Caballero', N'Papelería LC', N'Ruta 8 y Gral José Gervasio Artigas', 3102, N'Isidoro Noblia', 445)
GO
INSERT [dbo].[Clientes] ([Id], [Rut], [NombreCompleto_Nombre], [NombreCompleto_Apellido], [RazonSocial], [Direccion_Calle], [Direccion_Numero], [Direccion_Ciudad], [Distancia]) VALUES (23, N'100011221300', N'Mario', N'Cousillas', N'Sweet Deco Papelería', N'Severiano Gil', 1635, N'Montevideo', 2900)
GO
INSERT [dbo].[Clientes] ([Id], [Rut], [NombreCompleto_Nombre], [NombreCompleto_Apellido], [RazonSocial], [Direccion_Calle], [Direccion_Numero], [Direccion_Ciudad], [Distancia]) VALUES (24, N'100011221400', N'Manuela', N'Sosa', N'Magnolia Papelería', N'Aparicio Saravia', 1775, N'Montevideo', 2900)
GO
INSERT [dbo].[Clientes] ([Id], [Rut], [NombreCompleto_Nombre], [NombreCompleto_Apellido], [RazonSocial], [Direccion_Calle], [Direccion_Numero], [Direccion_Ciudad], [Distancia]) VALUES (25, N'100011221500', N'Gema', N'Ferreira', N'Gemma Personalizados', N'Dr Alberto Gallinal', 1976, N'Montevideo', 2900)
GO
INSERT [dbo].[Clientes] ([Id], [Rut], [NombreCompleto_Nombre], [NombreCompleto_Apellido], [RazonSocial], [Direccion_Calle], [Direccion_Numero], [Direccion_Ciudad], [Distancia]) VALUES (26, N'123456789012', N'Juan', N'Olivera', N'Papelería Olivera', N'Av. Agraciada', 3955, N'Montevideo', 2.5)
GO
INSERT [dbo].[Clientes] ([Id], [Rut], [NombreCompleto_Nombre], [NombreCompleto_Apellido], [RazonSocial], [Direccion_Calle], [Direccion_Numero], [Direccion_Ciudad], [Distancia]) VALUES (27, N'234567890123', N'María', N'González', N'Papelería Americana', N'Av. 8 de Octubre', 1428, N'Montevideo', 6.3)
GO
INSERT [dbo].[Clientes] ([Id], [Rut], [NombreCompleto_Nombre], [NombreCompleto_Apellido], [RazonSocial], [Direccion_Calle], [Direccion_Numero], [Direccion_Ciudad], [Distancia]) VALUES (28, N'345678901234', N'Luis', N'Rodríguez', N'Giorgio Papelería', N'Av. Italia', 1305, N'Montevideo', 8.7)
GO
INSERT [dbo].[Clientes] ([Id], [Rut], [NombreCompleto_Nombre], [NombreCompleto_Apellido], [RazonSocial], [Direccion_Calle], [Direccion_Numero], [Direccion_Ciudad], [Distancia]) VALUES (29, N'456789012345', N'Ana', N'Fernández', N'Papelería Punta Carretas', N'Calle Elauri', 350, N'Montevideo', 5.5)
GO
INSERT [dbo].[Clientes] ([Id], [Rut], [NombreCompleto_Nombre], [NombreCompleto_Apellido], [RazonSocial], [Direccion_Calle], [Direccion_Numero], [Direccion_Ciudad], [Distancia]) VALUES (30, N'567890123456', N'Carlos', N'Gómez', N'El Estudio', N'Gral Flores', 3035, N'Montevideo', 9.8)
GO
INSERT [dbo].[Clientes] ([Id], [Rut], [NombreCompleto_Nombre], [NombreCompleto_Apellido], [RazonSocial], [Direccion_Calle], [Direccion_Numero], [Direccion_Ciudad], [Distancia]) VALUES (31, N'678901234567', N'Laura', N'López', N'Papelito', N'Calle Sarandí', 234, N'Canelones', 20.1)
GO
INSERT [dbo].[Clientes] ([Id], [Rut], [NombreCompleto_Nombre], [NombreCompleto_Apellido], [RazonSocial], [Direccion_Calle], [Direccion_Numero], [Direccion_Ciudad], [Distancia]) VALUES (32, N'789012345678', N'José', N'Martínez', N'Libros Del Parque', N'Av. Artigas', 345, N'Maldonado', 197.6)
GO
INSERT [dbo].[Clientes] ([Id], [Rut], [NombreCompleto_Nombre], [NombreCompleto_Apellido], [RazonSocial], [Direccion_Calle], [Direccion_Numero], [Direccion_Ciudad], [Distancia]) VALUES (33, N'890123456789', N'Carmen', N'Díaz', N'Tienda Inglesa', N'Calle Rivera', 4456, N'Salto', 526.3)
GO
INSERT [dbo].[Clientes] ([Id], [Rut], [NombreCompleto_Nombre], [NombreCompleto_Apellido], [RazonSocial], [Direccion_Calle], [Direccion_Numero], [Direccion_Ciudad], [Distancia]) VALUES (34, N'901234567890', N'Pedro', N'Suárez', N'Papacito', N'Calle Lavalleja', 2567, N'Paysandú', 437.4)
GO
INSERT [dbo].[Clientes] ([Id], [Rut], [NombreCompleto_Nombre], [NombreCompleto_Apellido], [RazonSocial], [Direccion_Calle], [Direccion_Numero], [Direccion_Ciudad], [Distancia]) VALUES (35, N'012345678901', N'Rosa', N'Ramírez', N'Papelería y Libreria Salgado', N'Agraciada', 4078, N'Rivera', 528.7)
GO
INSERT [dbo].[Clientes] ([Id], [Rut], [NombreCompleto_Nombre], [NombreCompleto_Apellido], [RazonSocial], [Direccion_Calle], [Direccion_Numero], [Direccion_Ciudad], [Distancia]) VALUES (36, N'123450987654', N'Miguel', N'García', N'Papelería Dos Cero Dos', N'Batlle y Ordóñez', 2020, N'Durazno', 269.1)
GO
INSERT [dbo].[Clientes] ([Id], [Rut], [NombreCompleto_Nombre], [NombreCompleto_Apellido], [RazonSocial], [Direccion_Calle], [Direccion_Numero], [Direccion_Ciudad], [Distancia]) VALUES (37, N'234560987654', N'Clara', N'Sosa', N'Papelería Palermo', N'Artigas', 6890, N'Florida', 138.3)
GO
INSERT [dbo].[Clientes] ([Id], [Rut], [NombreCompleto_Nombre], [NombreCompleto_Apellido], [RazonSocial], [Direccion_Calle], [Direccion_Numero], [Direccion_Ciudad], [Distancia]) VALUES (38, N'345670987654', N'Daniel', N'Bermúdez', N'Papelería Buenavista', N'Herrera', 1243, N'San José', 112.5)
GO
INSERT [dbo].[Clientes] ([Id], [Rut], [NombreCompleto_Nombre], [NombreCompleto_Apellido], [RazonSocial], [Direccion_Calle], [Direccion_Numero], [Direccion_Ciudad], [Distancia]) VALUES (39, N'456780987654', N'Silvia', N'Cabrera', N'Papelería Barreiro', N'Aparicio Saravia', 1234, N'Treinta y Tres', 332.8)
GO
INSERT [dbo].[Clientes] ([Id], [Rut], [NombreCompleto_Nombre], [NombreCompleto_Apellido], [RazonSocial], [Direccion_Calle], [Direccion_Numero], [Direccion_Ciudad], [Distancia]) VALUES (40, N'567890987654', N'Roberto', N'Farias', N'Papelería Farias', N'Rincón', 2345, N'Lavalleja', 211)
GO
INSERT [dbo].[Clientes] ([Id], [Rut], [NombreCompleto_Nombre], [NombreCompleto_Apellido], [RazonSocial], [Direccion_Calle], [Direccion_Numero], [Direccion_Ciudad], [Distancia]) VALUES (41, N'678900987654', N'Patricia', N'Herrera', N'La Estrella S.R.L', N'Calle Durazno', 456, N'Soriano', 251.2)
GO
INSERT [dbo].[Clientes] ([Id], [Rut], [NombreCompleto_Nombre], [NombreCompleto_Apellido], [RazonSocial], [Direccion_Calle], [Direccion_Numero], [Direccion_Ciudad], [Distancia]) VALUES (42, N'789010987654', N'Alberto', N'Iglesias', N'Papelería Rodo', N'Enrique Rodo', 567, N'Río Negro', 372.9)
GO
INSERT [dbo].[Clientes] ([Id], [Rut], [NombreCompleto_Nombre], [NombreCompleto_Apellido], [RazonSocial], [Direccion_Calle], [Direccion_Numero], [Direccion_Ciudad], [Distancia]) VALUES (43, N'890120987654', N'Gloria', N'Domínguez', N'Belvedere', N'Canelones', 678, N'Tacuarembó', 474.7)
GO
INSERT [dbo].[Clientes] ([Id], [Rut], [NombreCompleto_Nombre], [NombreCompleto_Apellido], [RazonSocial], [Direccion_Calle], [Direccion_Numero], [Direccion_Ciudad], [Distancia]) VALUES (44, N'901230987654', N'Victor', N'Gutiérrez', N'Las Violetas S.A', N'Calle Artigas', 789, N'Rocha', 329.1)
GO
INSERT [dbo].[Clientes] ([Id], [Rut], [NombreCompleto_Nombre], [NombreCompleto_Apellido], [RazonSocial], [Direccion_Calle], [Direccion_Numero], [Direccion_Ciudad], [Distancia]) VALUES (45, N'012340987654', N'Estela', N'Navarro', N'Papelería Prado', N'Calle Uruguay', 890, N'Colonia', 330.4)
GO
INSERT [dbo].[Clientes] ([Id], [Rut], [NombreCompleto_Nombre], [NombreCompleto_Apellido], [RazonSocial], [Direccion_Calle], [Direccion_Numero], [Direccion_Ciudad], [Distancia]) VALUES (46, N'123451234567', N'Andrés', N'Gil', N'Parque Central', N'Rivera', 123, N'San José', 213.2)
GO
INSERT [dbo].[Clientes] ([Id], [Rut], [NombreCompleto_Nombre], [NombreCompleto_Apellido], [RazonSocial], [Direccion_Calle], [Direccion_Numero], [Direccion_Ciudad], [Distancia]) VALUES (47, N'234561234567', N'Lucía', N'Ramos', N'Papelería Casino', N'Durazno', 234, N'Salto', 516.8)
GO
INSERT [dbo].[Clientes] ([Id], [Rut], [NombreCompleto_Nombre], [NombreCompleto_Apellido], [RazonSocial], [Direccion_Calle], [Direccion_Numero], [Direccion_Ciudad], [Distancia]) VALUES (48, N'345671234567', N'Gustavo', N'Vega', N'Papelería La Blanca', N'Sarandí', 345, N'Paysandú', 423.5)
GO
INSERT [dbo].[Clientes] ([Id], [Rut], [NombreCompleto_Nombre], [NombreCompleto_Apellido], [RazonSocial], [Direccion_Calle], [Direccion_Numero], [Direccion_Ciudad], [Distancia]) VALUES (49, N'456781234567', N'Sofía', N'Espinosa', N'Quinielita', N'Lavalleja', 456, N'Maldonado', 261.9)
GO
INSERT [dbo].[Clientes] ([Id], [Rut], [NombreCompleto_Nombre], [NombreCompleto_Apellido], [RazonSocial], [Direccion_Calle], [Direccion_Numero], [Direccion_Ciudad], [Distancia]) VALUES (50, N'567891234567', N'Isabel', N'Guzmán', N'Blanqueada', N'Florencio Sanchez', 567, N'Rivera', 528.1)
GO
INSERT [dbo].[Clientes] ([Id], [Rut], [NombreCompleto_Nombre], [NombreCompleto_Apellido], [RazonSocial], [Direccion_Calle], [Direccion_Numero], [Direccion_Ciudad], [Distancia]) VALUES (51, N'678901234578', N'Julio', N'Molina', N'La Bancarrota', N'Herrera', 678, N'Durazno', 217.4)
GO
SET IDENTITY_INSERT [dbo].[Clientes] OFF
GO
SET IDENTITY_INSERT [dbo].[Pedidos] ON 
GO
INSERT [dbo].[Pedidos] ([Id], [FechaPedido], [FechaEntregaPrometida], [IdCliente], [Recargo], [Estado], [Discriminator], [MontoTotal], [PlazoEstipulado]) VALUES (1, CAST(N'2024-05-03T09:00:00.0000000' AS DateTime2), CAST(N'2024-05-10T09:00:00.0000000' AS DateTime2), 1, 0, 1, N'PedidoComun', 610, NULL)
GO
INSERT [dbo].[Pedidos] ([Id], [FechaPedido], [FechaEntregaPrometida], [IdCliente], [Recargo], [Estado], [Discriminator], [MontoTotal], [PlazoEstipulado]) VALUES (2, CAST(N'2024-05-03T10:30:00.0000000' AS DateTime2), CAST(N'2024-05-03T17:30:00.0000000' AS DateTime2), 2, 0.15, 1, N'PedidoExpress', 1199.57, 5)
GO
INSERT [dbo].[Pedidos] ([Id], [FechaPedido], [FechaEntregaPrometida], [IdCliente], [Recargo], [Estado], [Discriminator], [MontoTotal], [PlazoEstipulado]) VALUES (3, CAST(N'2024-05-03T11:00:00.0000000' AS DateTime2), CAST(N'2024-05-10T18:45:00.0000000' AS DateTime2), 4, 0.05, 3, N'PedidoComun', 256.2, NULL)
GO
INSERT [dbo].[Pedidos] ([Id], [FechaPedido], [FechaEntregaPrometida], [IdCliente], [Recargo], [Estado], [Discriminator], [MontoTotal], [PlazoEstipulado]) VALUES (4, CAST(N'2024-05-03T11:10:00.0000000' AS DateTime2), CAST(N'2024-05-10T18:45:00.0000000' AS DateTime2), 4, 0.05, 3, N'PedidoComun', 256.2, NULL)
GO
INSERT [dbo].[Pedidos] ([Id], [FechaPedido], [FechaEntregaPrometida], [IdCliente], [Recargo], [Estado], [Discriminator], [MontoTotal], [PlazoEstipulado]) VALUES (5, CAST(N'2024-05-04T11:25:00.0000000' AS DateTime2), CAST(N'2024-05-05T18:45:00.0000000' AS DateTime2), 25, 0.1, 3, N'PedidoExpress', 256.2, 5)
GO
INSERT [dbo].[Pedidos] ([Id], [FechaPedido], [FechaEntregaPrometida], [IdCliente], [Recargo], [Estado], [Discriminator], [MontoTotal], [PlazoEstipulado]) VALUES (6, CAST(N'2024-05-09T11:15:00.0000000' AS DateTime2), CAST(N'2024-05-09T18:45:00.0000000' AS DateTime2), 24, 0.15, 3, N'PedidoExpress', 256.2, 5)
GO
INSERT [dbo].[Pedidos] ([Id], [FechaPedido], [FechaEntregaPrometida], [IdCliente], [Recargo], [Estado], [Discriminator], [MontoTotal], [PlazoEstipulado]) VALUES (7, CAST(N'2024-05-07T11:45:00.0000000' AS DateTime2), CAST(N'2024-05-07T18:45:00.0000000' AS DateTime2), 23, 0.15, 3, N'PedidoExpress', 256.2, 5)
GO
INSERT [dbo].[Pedidos] ([Id], [FechaPedido], [FechaEntregaPrometida], [IdCliente], [Recargo], [Estado], [Discriminator], [MontoTotal], [PlazoEstipulado]) VALUES (8, CAST(N'2024-05-11T11:30:00.0000000' AS DateTime2), CAST(N'2024-05-11T18:45:00.0000000' AS DateTime2), 22, 0.15, 3, N'PedidoExpress', 256.2, 5)
GO
INSERT [dbo].[Pedidos] ([Id], [FechaPedido], [FechaEntregaPrometida], [IdCliente], [Recargo], [Estado], [Discriminator], [MontoTotal], [PlazoEstipulado]) VALUES (9, CAST(N'2024-05-15T10:45:00.0000000' AS DateTime2), CAST(N'2024-05-23T18:45:00.0000000' AS DateTime2), 21, 0.05, 3, N'PedidoComun', 256.2, NULL)
GO
INSERT [dbo].[Pedidos] ([Id], [FechaPedido], [FechaEntregaPrometida], [IdCliente], [Recargo], [Estado], [Discriminator], [MontoTotal], [PlazoEstipulado]) VALUES (10, CAST(N'2024-05-03T12:45:00.0000000' AS DateTime2), CAST(N'2024-05-10T18:45:00.0000000' AS DateTime2), 20, 0.05, 3, N'PedidoComun', 256.2, NULL)
GO
INSERT [dbo].[Pedidos] ([Id], [FechaPedido], [FechaEntregaPrometida], [IdCliente], [Recargo], [Estado], [Discriminator], [MontoTotal], [PlazoEstipulado]) VALUES (11, CAST(N'2024-05-04T15:45:00.0000000' AS DateTime2), CAST(N'2024-05-11T18:45:00.0000000' AS DateTime2), 19, 0, 3, N'PedidoComun', 256.2, NULL)
GO
INSERT [dbo].[Pedidos] ([Id], [FechaPedido], [FechaEntregaPrometida], [IdCliente], [Recargo], [Estado], [Discriminator], [MontoTotal], [PlazoEstipulado]) VALUES (12, CAST(N'2024-05-05T13:45:00.0000000' AS DateTime2), CAST(N'2024-05-12T18:45:00.0000000' AS DateTime2), 18, 0.05, 3, N'PedidoComun', 256.2, NULL)
GO
INSERT [dbo].[Pedidos] ([Id], [FechaPedido], [FechaEntregaPrometida], [IdCliente], [Recargo], [Estado], [Discriminator], [MontoTotal], [PlazoEstipulado]) VALUES (13, CAST(N'2024-05-14T17:31:59.7933103' AS DateTime2), CAST(N'2024-05-17T22:31:00.0000000' AS DateTime2), 14, 0.1, 1, N'PedidoExpress', 73.81, 5)
GO
INSERT [dbo].[Pedidos] ([Id], [FechaPedido], [FechaEntregaPrometida], [IdCliente], [Recargo], [Estado], [Discriminator], [MontoTotal], [PlazoEstipulado]) VALUES (14, CAST(N'2024-05-14T17:33:21.1906612' AS DateTime2), CAST(N'2024-05-17T14:30:00.0000000' AS DateTime2), 14, 0.1, 1, N'PedidoExpress', 73.81, 5)
GO
INSERT [dbo].[Pedidos] ([Id], [FechaPedido], [FechaEntregaPrometida], [IdCliente], [Recargo], [Estado], [Discriminator], [MontoTotal], [PlazoEstipulado]) VALUES (15, CAST(N'2024-05-14T17:35:31.9549266' AS DateTime2), CAST(N'2024-05-18T10:40:00.0000000' AS DateTime2), 13, 0.1, 1, N'PedidoExpress', 181.17, 5)
GO
INSERT [dbo].[Pedidos] ([Id], [FechaPedido], [FechaEntregaPrometida], [IdCliente], [Recargo], [Estado], [Discriminator], [MontoTotal], [PlazoEstipulado]) VALUES (16, CAST(N'2024-05-14T17:36:44.4238485' AS DateTime2), CAST(N'2024-05-16T22:36:00.0000000' AS DateTime2), 4, 0.15, 3, N'PedidoExpress', 28.06, 5)
GO
INSERT [dbo].[Pedidos] ([Id], [FechaPedido], [FechaEntregaPrometida], [IdCliente], [Recargo], [Estado], [Discriminator], [MontoTotal], [PlazoEstipulado]) VALUES (17, CAST(N'2024-05-14T17:38:19.5502201' AS DateTime2), CAST(N'2024-05-23T12:30:00.0000000' AS DateTime2), 4, 0.05, 1, N'PedidoComun', 102.48, NULL)
GO
INSERT [dbo].[Pedidos] ([Id], [FechaPedido], [FechaEntregaPrometida], [IdCliente], [Recargo], [Estado], [Discriminator], [MontoTotal], [PlazoEstipulado]) VALUES (18, CAST(N'2024-05-14T17:50:30.4869826' AS DateTime2), CAST(N'2024-05-25T14:30:00.0000000' AS DateTime2), 10, 0.05, 1, N'PedidoComun', 13194.3, NULL)
GO
INSERT [dbo].[Pedidos] ([Id], [FechaPedido], [FechaEntregaPrometida], [IdCliente], [Recargo], [Estado], [Discriminator], [MontoTotal], [PlazoEstipulado]) VALUES (19, CAST(N'2024-05-15T17:51:19.9508003' AS DateTime2), CAST(N'2024-05-16T10:30:00.0000000' AS DateTime2), 24, 0.15, 1, N'PedidoExpress', 49.105, 5)
GO
INSERT [dbo].[Pedidos] ([Id], [FechaPedido], [FechaEntregaPrometida], [IdCliente], [Recargo], [Estado], [Discriminator], [MontoTotal], [PlazoEstipulado]) VALUES (20, CAST(N'2024-05-15T17:52:22.7806172' AS DateTime2), CAST(N'2024-05-16T14:30:00.0000000' AS DateTime2), 3, 0.15, 1, N'PedidoExpress', 308.65999999999997, 5)
GO
INSERT [dbo].[Pedidos] ([Id], [FechaPedido], [FechaEntregaPrometida], [IdCliente], [Recargo], [Estado], [Discriminator], [MontoTotal], [PlazoEstipulado]) VALUES (21, CAST(N'2024-05-15T17:54:50.6109396' AS DateTime2), CAST(N'2024-05-16T15:00:00.0000000' AS DateTime2), 6, 0.15, 1, N'PedidoExpress', 40062.665, 5)
GO
INSERT [dbo].[Pedidos] ([Id], [FechaPedido], [FechaEntregaPrometida], [IdCliente], [Recargo], [Estado], [Discriminator], [MontoTotal], [PlazoEstipulado]) VALUES (22, CAST(N'2024-05-15T17:03:30.6443552' AS DateTime2), CAST(N'2024-05-23T17:00:00.0000000' AS DateTime2), 2, 0.05, 1, N'PedidoComun', 6533.0999999999995, NULL)
GO
INSERT [dbo].[Pedidos] ([Id], [FechaPedido], [FechaEntregaPrometida], [IdCliente], [Recargo], [Estado], [Discriminator], [MontoTotal], [PlazoEstipulado]) VALUES (23, CAST(N'2024-05-15T17:04:21.2382570' AS DateTime2), CAST(N'2024-05-25T09:00:00.0000000' AS DateTime2), 22, 0.05, 1, N'PedidoComun', 4547.55, NULL)
GO
INSERT [dbo].[Pedidos] ([Id], [FechaPedido], [FechaEntregaPrometida], [IdCliente], [Recargo], [Estado], [Discriminator], [MontoTotal], [PlazoEstipulado]) VALUES (24, CAST(N'2024-05-15T17:05:35.3306651' AS DateTime2), CAST(N'2024-05-17T10:00:00.0000000' AS DateTime2), 16, 0.1, 1, N'PedidoExpress', 9394, 5)
GO
INSERT [dbo].[Pedidos] ([Id], [FechaPedido], [FechaEntregaPrometida], [IdCliente], [Recargo], [Estado], [Discriminator], [MontoTotal], [PlazoEstipulado]) VALUES (25, CAST(N'2024-05-15T17:08:15.4088035' AS DateTime2), CAST(N'2024-05-16T11:40:00.0000000' AS DateTime2), 23, 0.15, 1, N'PedidoExpress', 91545.75, 5)
GO
INSERT [dbo].[Pedidos] ([Id], [FechaPedido], [FechaEntregaPrometida], [IdCliente], [Recargo], [Estado], [Discriminator], [MontoTotal], [PlazoEstipulado]) VALUES (26, CAST(N'2024-05-15T10:10:00.0000000' AS DateTime2), CAST(N'2024-05-23T18:00:00.0000000' AS DateTime2), 26, 0, 1, N'PedidoComun', 1250.5, NULL)
GO
INSERT [dbo].[Pedidos] ([Id], [FechaPedido], [FechaEntregaPrometida], [IdCliente], [Recargo], [Estado], [Discriminator], [MontoTotal], [PlazoEstipulado]) VALUES (27, CAST(N'2024-05-16T08:00:00.0000000' AS DateTime2), CAST(N'2024-05-24T18:00:00.0000000' AS DateTime2), 27, 0, 1, N'PedidoComun', 1350.75, NULL)
GO
INSERT [dbo].[Pedidos] ([Id], [FechaPedido], [FechaEntregaPrometida], [IdCliente], [Recargo], [Estado], [Discriminator], [MontoTotal], [PlazoEstipulado]) VALUES (28, CAST(N'2024-05-16T08:30:00.0000000' AS DateTime2), CAST(N'2024-05-25T18:00:00.0000000' AS DateTime2), 28, 0, 1, N'PedidoComun', 1450.8, NULL)
GO
INSERT [dbo].[Pedidos] ([Id], [FechaPedido], [FechaEntregaPrometida], [IdCliente], [Recargo], [Estado], [Discriminator], [MontoTotal], [PlazoEstipulado]) VALUES (29, CAST(N'2024-05-10T08:30:00.0000000' AS DateTime2), CAST(N'2024-05-18T18:00:00.0000000' AS DateTime2), 29, 0, 1, N'PedidoComun', 1550.9, NULL)
GO
INSERT [dbo].[Pedidos] ([Id], [FechaPedido], [FechaEntregaPrometida], [IdCliente], [Recargo], [Estado], [Discriminator], [MontoTotal], [PlazoEstipulado]) VALUES (30, CAST(N'2024-05-11T08:30:00.0000000' AS DateTime2), CAST(N'2024-05-19T18:00:00.0000000' AS DateTime2), 30, 0, 1, N'PedidoComun', 1650.2, NULL)
GO
INSERT [dbo].[Pedidos] ([Id], [FechaPedido], [FechaEntregaPrometida], [IdCliente], [Recargo], [Estado], [Discriminator], [MontoTotal], [PlazoEstipulado]) VALUES (31, CAST(N'2024-05-12T08:30:00.0000000' AS DateTime2), CAST(N'2024-05-20T18:00:00.0000000' AS DateTime2), 31, 0, 1, N'PedidoComun', 1750.6, NULL)
GO
INSERT [dbo].[Pedidos] ([Id], [FechaPedido], [FechaEntregaPrometida], [IdCliente], [Recargo], [Estado], [Discriminator], [MontoTotal], [PlazoEstipulado]) VALUES (32, CAST(N'2024-05-13T08:30:00.0000000' AS DateTime2), CAST(N'2024-05-21T18:00:00.0000000' AS DateTime2), 32, 0.05, 1, N'PedidoComun', 1850.3, NULL)
GO
INSERT [dbo].[Pedidos] ([Id], [FechaPedido], [FechaEntregaPrometida], [IdCliente], [Recargo], [Estado], [Discriminator], [MontoTotal], [PlazoEstipulado]) VALUES (33, CAST(N'2024-05-12T08:30:00.0000000' AS DateTime2), CAST(N'2024-05-20T18:00:00.0000000' AS DateTime2), 33, 0.05, 1, N'PedidoComun', 1950.5, NULL)
GO
INSERT [dbo].[Pedidos] ([Id], [FechaPedido], [FechaEntregaPrometida], [IdCliente], [Recargo], [Estado], [Discriminator], [MontoTotal], [PlazoEstipulado]) VALUES (34, CAST(N'2024-05-13T08:10:00.0000000' AS DateTime2), CAST(N'2024-05-21T18:00:00.0000000' AS DateTime2), 34, 0.05, 1, N'PedidoComun', 2050.4, NULL)
GO
INSERT [dbo].[Pedidos] ([Id], [FechaPedido], [FechaEntregaPrometida], [IdCliente], [Recargo], [Estado], [Discriminator], [MontoTotal], [PlazoEstipulado]) VALUES (35, CAST(N'2024-05-14T08:10:00.0000000' AS DateTime2), CAST(N'2024-05-22T18:00:00.0000000' AS DateTime2), 35, 0.05, 1, N'PedidoComun', 2150.7, NULL)
GO
INSERT [dbo].[Pedidos] ([Id], [FechaPedido], [FechaEntregaPrometida], [IdCliente], [Recargo], [Estado], [Discriminator], [MontoTotal], [PlazoEstipulado]) VALUES (36, CAST(N'2024-05-15T08:10:00.0000000' AS DateTime2), CAST(N'2024-05-23T18:00:00.0000000' AS DateTime2), 36, 0.05, 1, N'PedidoComun', 2250.9, NULL)
GO
INSERT [dbo].[Pedidos] ([Id], [FechaPedido], [FechaEntregaPrometida], [IdCliente], [Recargo], [Estado], [Discriminator], [MontoTotal], [PlazoEstipulado]) VALUES (37, CAST(N'2024-05-16T08:10:00.0000000' AS DateTime2), CAST(N'2024-05-24T18:00:00.0000000' AS DateTime2), 37, 0.05, 1, N'PedidoComun', 2350.8, NULL)
GO
INSERT [dbo].[Pedidos] ([Id], [FechaPedido], [FechaEntregaPrometida], [IdCliente], [Recargo], [Estado], [Discriminator], [MontoTotal], [PlazoEstipulado]) VALUES (38, CAST(N'2024-05-12T08:10:00.0000000' AS DateTime2), CAST(N'2024-05-20T18:00:00.0000000' AS DateTime2), 38, 0.05, 1, N'PedidoComun', 10200.6, NULL)
GO
INSERT [dbo].[Pedidos] ([Id], [FechaPedido], [FechaEntregaPrometida], [IdCliente], [Recargo], [Estado], [Discriminator], [MontoTotal], [PlazoEstipulado]) VALUES (39, CAST(N'2024-05-13T08:10:00.0000000' AS DateTime2), CAST(N'2024-05-21T18:00:00.0000000' AS DateTime2), 39, 0.05, 1, N'PedidoComun', 2550.9, NULL)
GO
INSERT [dbo].[Pedidos] ([Id], [FechaPedido], [FechaEntregaPrometida], [IdCliente], [Recargo], [Estado], [Discriminator], [MontoTotal], [PlazoEstipulado]) VALUES (40, CAST(N'2024-05-14T08:10:00.0000000' AS DateTime2), CAST(N'2024-05-22T18:00:00.0000000' AS DateTime2), 40, 0, 1, N'PedidoComun', 2650.4, NULL)
GO
INSERT [dbo].[Pedidos] ([Id], [FechaPedido], [FechaEntregaPrometida], [IdCliente], [Recargo], [Estado], [Discriminator], [MontoTotal], [PlazoEstipulado]) VALUES (41, CAST(N'2024-05-15T08:10:00.0000000' AS DateTime2), CAST(N'2024-05-23T18:00:00.0000000' AS DateTime2), 41, 0.05, 1, N'PedidoComun', 2750.3, NULL)
GO
INSERT [dbo].[Pedidos] ([Id], [FechaPedido], [FechaEntregaPrometida], [IdCliente], [Recargo], [Estado], [Discriminator], [MontoTotal], [PlazoEstipulado]) VALUES (42, CAST(N'2024-05-15T08:10:00.0000000' AS DateTime2), CAST(N'2024-05-23T18:00:00.0000000' AS DateTime2), 42, 0.05, 1, N'PedidoComun', 2850.7, NULL)
GO
INSERT [dbo].[Pedidos] ([Id], [FechaPedido], [FechaEntregaPrometida], [IdCliente], [Recargo], [Estado], [Discriminator], [MontoTotal], [PlazoEstipulado]) VALUES (43, CAST(N'2024-05-01T08:10:00.0000000' AS DateTime2), CAST(N'2024-05-09T18:00:00.0000000' AS DateTime2), 43, 0.05, 1, N'PedidoComun', 2950.8, NULL)
GO
INSERT [dbo].[Pedidos] ([Id], [FechaPedido], [FechaEntregaPrometida], [IdCliente], [Recargo], [Estado], [Discriminator], [MontoTotal], [PlazoEstipulado]) VALUES (44, CAST(N'2024-05-02T08:10:00.0000000' AS DateTime2), CAST(N'2024-05-10T18:00:00.0000000' AS DateTime2), 44, 0.05, 1, N'PedidoComun', 3050.9, NULL)
GO
INSERT [dbo].[Pedidos] ([Id], [FechaPedido], [FechaEntregaPrometida], [IdCliente], [Recargo], [Estado], [Discriminator], [MontoTotal], [PlazoEstipulado]) VALUES (45, CAST(N'2024-05-03T08:10:00.0000000' AS DateTime2), CAST(N'2024-05-11T18:00:00.0000000' AS DateTime2), 45, 0.05, 1, N'PedidoComun', 3150.2, NULL)
GO
INSERT [dbo].[Pedidos] ([Id], [FechaPedido], [FechaEntregaPrometida], [IdCliente], [Recargo], [Estado], [Discriminator], [MontoTotal], [PlazoEstipulado]) VALUES (46, CAST(N'2024-05-04T08:10:00.0000000' AS DateTime2), CAST(N'2024-05-12T18:00:00.0000000' AS DateTime2), 46, 0.05, 1, N'PedidoComun', 3250.8, NULL)
GO
INSERT [dbo].[Pedidos] ([Id], [FechaPedido], [FechaEntregaPrometida], [IdCliente], [Recargo], [Estado], [Discriminator], [MontoTotal], [PlazoEstipulado]) VALUES (47, CAST(N'2024-05-05T08:10:00.0000000' AS DateTime2), CAST(N'2024-05-13T18:00:00.0000000' AS DateTime2), 47, 0.05, 1, N'PedidoComun', 3350.9, NULL)
GO
INSERT [dbo].[Pedidos] ([Id], [FechaPedido], [FechaEntregaPrometida], [IdCliente], [Recargo], [Estado], [Discriminator], [MontoTotal], [PlazoEstipulado]) VALUES (48, CAST(N'2024-05-06T08:10:00.0000000' AS DateTime2), CAST(N'2024-05-14T18:00:00.0000000' AS DateTime2), 48, 0.05, 1, N'PedidoComun', 3450.3, NULL)
GO
INSERT [dbo].[Pedidos] ([Id], [FechaPedido], [FechaEntregaPrometida], [IdCliente], [Recargo], [Estado], [Discriminator], [MontoTotal], [PlazoEstipulado]) VALUES (49, CAST(N'2024-05-07T08:10:00.0000000' AS DateTime2), CAST(N'2024-05-15T18:00:00.0000000' AS DateTime2), 49, 0.05, 1, N'PedidoComun', 3550.4, NULL)
GO
INSERT [dbo].[Pedidos] ([Id], [FechaPedido], [FechaEntregaPrometida], [IdCliente], [Recargo], [Estado], [Discriminator], [MontoTotal], [PlazoEstipulado]) VALUES (50, CAST(N'2024-05-08T08:10:00.0000000' AS DateTime2), CAST(N'2024-05-16T18:00:00.0000000' AS DateTime2), 50, 0.05, 1, N'PedidoComun', 3650.5, NULL)
GO
INSERT [dbo].[Pedidos] ([Id], [FechaPedido], [FechaEntregaPrometida], [IdCliente], [Recargo], [Estado], [Discriminator], [MontoTotal], [PlazoEstipulado]) VALUES (51, CAST(N'2024-05-09T08:10:00.0000000' AS DateTime2), CAST(N'2024-05-17T18:00:00.0000000' AS DateTime2), 51, 0.05, 1, N'PedidoComun', 3750.9, NULL)
GO
INSERT [dbo].[Pedidos] ([Id], [FechaPedido], [FechaEntregaPrometida], [IdCliente], [Recargo], [Estado], [Discriminator], [MontoTotal], [PlazoEstipulado]) VALUES (52, CAST(N'2024-05-10T08:10:00.0000000' AS DateTime2), CAST(N'2024-05-18T18:00:00.0000000' AS DateTime2), 50, 0.05, 1, N'PedidoComun', 3850.8, NULL)
GO
INSERT [dbo].[Pedidos] ([Id], [FechaPedido], [FechaEntregaPrometida], [IdCliente], [Recargo], [Estado], [Discriminator], [MontoTotal], [PlazoEstipulado]) VALUES (53, CAST(N'2024-05-11T08:10:00.0000000' AS DateTime2), CAST(N'2024-05-19T18:00:00.0000000' AS DateTime2), 49, 0.05, 1, N'PedidoComun', 3950.7, NULL)
GO
INSERT [dbo].[Pedidos] ([Id], [FechaPedido], [FechaEntregaPrometida], [IdCliente], [Recargo], [Estado], [Discriminator], [MontoTotal], [PlazoEstipulado]) VALUES (54, CAST(N'2024-05-12T08:10:00.0000000' AS DateTime2), CAST(N'2024-05-20T18:00:00.0000000' AS DateTime2), 48, 0.05, 1, N'PedidoComun', 4050.9, NULL)
GO
INSERT [dbo].[Pedidos] ([Id], [FechaPedido], [FechaEntregaPrometida], [IdCliente], [Recargo], [Estado], [Discriminator], [MontoTotal], [PlazoEstipulado]) VALUES (55, CAST(N'2024-05-13T08:10:00.0000000' AS DateTime2), CAST(N'2024-05-21T18:00:00.0000000' AS DateTime2), 47, 0.05, 1, N'PedidoComun', 4150.6, NULL)
GO
SET IDENTITY_INSERT [dbo].[Pedidos] OFF
GO
SET IDENTITY_INSERT [dbo].[LineaPedido] ON 
GO
INSERT [dbo].[LineaPedido] ([Id], [IdArticulo], [CantidadUnidadesPedidas], [PrecioUnitarioVigente], [PedidoId]) VALUES (1, 1, 10, 50, 1)
GO
INSERT [dbo].[LineaPedido] ([Id], [IdArticulo], [CantidadUnidadesPedidas], [PrecioUnitarioVigente], [PedidoId]) VALUES (2, 2, 5, 15, 2)
GO
INSERT [dbo].[LineaPedido] ([Id], [IdArticulo], [CantidadUnidadesPedidas], [PrecioUnitarioVigente], [PedidoId]) VALUES (3, 3, 3, 35, 3)
GO
INSERT [dbo].[LineaPedido] ([Id], [IdArticulo], [CantidadUnidadesPedidas], [PrecioUnitarioVigente], [PedidoId]) VALUES (4, 1, 8, 50, 4)
GO
INSERT [dbo].[LineaPedido] ([Id], [IdArticulo], [CantidadUnidadesPedidas], [PrecioUnitarioVigente], [PedidoId]) VALUES (5, 2, 10, 15, 5)
GO
INSERT [dbo].[LineaPedido] ([Id], [IdArticulo], [CantidadUnidadesPedidas], [PrecioUnitarioVigente], [PedidoId]) VALUES (6, 4, 10, 20, 6)
GO
INSERT [dbo].[LineaPedido] ([Id], [IdArticulo], [CantidadUnidadesPedidas], [PrecioUnitarioVigente], [PedidoId]) VALUES (7, 5, 10, 100, 7)
GO
INSERT [dbo].[LineaPedido] ([Id], [IdArticulo], [CantidadUnidadesPedidas], [PrecioUnitarioVigente], [PedidoId]) VALUES (8, 6, 10, 20, 8)
GO
INSERT [dbo].[LineaPedido] ([Id], [IdArticulo], [CantidadUnidadesPedidas], [PrecioUnitarioVigente], [PedidoId]) VALUES (9, 7, 10, 80, 9)
GO
INSERT [dbo].[LineaPedido] ([Id], [IdArticulo], [CantidadUnidadesPedidas], [PrecioUnitarioVigente], [PedidoId]) VALUES (10, 8, 10, 45, 10)
GO
INSERT [dbo].[LineaPedido] ([Id], [IdArticulo], [CantidadUnidadesPedidas], [PrecioUnitarioVigente], [PedidoId]) VALUES (11, 9, 10, 30, 11)
GO
INSERT [dbo].[LineaPedido] ([Id], [IdArticulo], [CantidadUnidadesPedidas], [PrecioUnitarioVigente], [PedidoId]) VALUES (12, 10, 10, 60, 12)
GO
INSERT [dbo].[LineaPedido] ([Id], [IdArticulo], [CantidadUnidadesPedidas], [PrecioUnitarioVigente], [PedidoId]) VALUES (13, 11, 10, 120, 12)
GO
INSERT [dbo].[LineaPedido] ([Id], [IdArticulo], [CantidadUnidadesPedidas], [PrecioUnitarioVigente], [PedidoId]) VALUES (14, 6, 1, 20, 13)
GO
INSERT [dbo].[LineaPedido] ([Id], [IdArticulo], [CantidadUnidadesPedidas], [PrecioUnitarioVigente], [PedidoId]) VALUES (15, 3, 1, 35, 13)
GO
INSERT [dbo].[LineaPedido] ([Id], [IdArticulo], [CantidadUnidadesPedidas], [PrecioUnitarioVigente], [PedidoId]) VALUES (16, 3, 1, 35, 14)
GO
INSERT [dbo].[LineaPedido] ([Id], [IdArticulo], [CantidadUnidadesPedidas], [PrecioUnitarioVigente], [PedidoId]) VALUES (17, 6, 1, 20, 14)
GO
INSERT [dbo].[LineaPedido] ([Id], [IdArticulo], [CantidadUnidadesPedidas], [PrecioUnitarioVigente], [PedidoId]) VALUES (18, 11, 1, 120, 15)
GO
INSERT [dbo].[LineaPedido] ([Id], [IdArticulo], [CantidadUnidadesPedidas], [PrecioUnitarioVigente], [PedidoId]) VALUES (19, 2, 1, 15, 15)
GO
INSERT [dbo].[LineaPedido] ([Id], [IdArticulo], [CantidadUnidadesPedidas], [PrecioUnitarioVigente], [PedidoId]) VALUES (20, 6, 1, 20, 16)
GO
INSERT [dbo].[LineaPedido] ([Id], [IdArticulo], [CantidadUnidadesPedidas], [PrecioUnitarioVigente], [PedidoId]) VALUES (21, 7, 1, 80, 17)
GO
INSERT [dbo].[LineaPedido] ([Id], [IdArticulo], [CantidadUnidadesPedidas], [PrecioUnitarioVigente], [PedidoId]) VALUES (22, 25, 1, 9500, 18)
GO
INSERT [dbo].[LineaPedido] ([Id], [IdArticulo], [CantidadUnidadesPedidas], [PrecioUnitarioVigente], [PedidoId]) VALUES (23, 24, 1, 200, 18)
GO
INSERT [dbo].[LineaPedido] ([Id], [IdArticulo], [CantidadUnidadesPedidas], [PrecioUnitarioVigente], [PedidoId]) VALUES (24, 21, 1, 200, 18)
GO
INSERT [dbo].[LineaPedido] ([Id], [IdArticulo], [CantidadUnidadesPedidas], [PrecioUnitarioVigente], [PedidoId]) VALUES (25, 23, 1, 200, 18)
GO
INSERT [dbo].[LineaPedido] ([Id], [IdArticulo], [CantidadUnidadesPedidas], [PrecioUnitarioVigente], [PedidoId]) VALUES (26, 22, 1, 200, 18)
GO
INSERT [dbo].[LineaPedido] ([Id], [IdArticulo], [CantidadUnidadesPedidas], [PrecioUnitarioVigente], [PedidoId]) VALUES (27, 4, 1, 20, 19)
GO
INSERT [dbo].[LineaPedido] ([Id], [IdArticulo], [CantidadUnidadesPedidas], [PrecioUnitarioVigente], [PedidoId]) VALUES (28, 2, 1, 15, 19)
GO
INSERT [dbo].[LineaPedido] ([Id], [IdArticulo], [CantidadUnidadesPedidas], [PrecioUnitarioVigente], [PedidoId]) VALUES (29, 14, 1, 115, 20)
GO
INSERT [dbo].[LineaPedido] ([Id], [IdArticulo], [CantidadUnidadesPedidas], [PrecioUnitarioVigente], [PedidoId]) VALUES (30, 8, 1, 45, 20)
GO
INSERT [dbo].[LineaPedido] ([Id], [IdArticulo], [CantidadUnidadesPedidas], [PrecioUnitarioVigente], [PedidoId]) VALUES (31, 10, 1, 60, 20)
GO
INSERT [dbo].[LineaPedido] ([Id], [IdArticulo], [CantidadUnidadesPedidas], [PrecioUnitarioVigente], [PedidoId]) VALUES (32, 26, 1, 18000, 21)
GO
INSERT [dbo].[LineaPedido] ([Id], [IdArticulo], [CantidadUnidadesPedidas], [PrecioUnitarioVigente], [PedidoId]) VALUES (33, 25, 1, 9500, 21)
GO
INSERT [dbo].[LineaPedido] ([Id], [IdArticulo], [CantidadUnidadesPedidas], [PrecioUnitarioVigente], [PedidoId]) VALUES (34, 12, 1, 255, 21)
GO
INSERT [dbo].[LineaPedido] ([Id], [IdArticulo], [CantidadUnidadesPedidas], [PrecioUnitarioVigente], [PedidoId]) VALUES (35, 24, 1, 200, 21)
GO
INSERT [dbo].[LineaPedido] ([Id], [IdArticulo], [CantidadUnidadesPedidas], [PrecioUnitarioVigente], [PedidoId]) VALUES (36, 23, 1, 200, 21)
GO
INSERT [dbo].[LineaPedido] ([Id], [IdArticulo], [CantidadUnidadesPedidas], [PrecioUnitarioVigente], [PedidoId]) VALUES (37, 21, 1, 200, 21)
GO
INSERT [dbo].[LineaPedido] ([Id], [IdArticulo], [CantidadUnidadesPedidas], [PrecioUnitarioVigente], [PedidoId]) VALUES (38, 22, 1, 200, 21)
GO
INSERT [dbo].[LineaPedido] ([Id], [IdArticulo], [CantidadUnidadesPedidas], [PrecioUnitarioVigente], [PedidoId]) VALUES (39, 9, 10, 30, 22)
GO
INSERT [dbo].[LineaPedido] ([Id], [IdArticulo], [CantidadUnidadesPedidas], [PrecioUnitarioVigente], [PedidoId]) VALUES (40, 2, 10, 15, 22)
GO
INSERT [dbo].[LineaPedido] ([Id], [IdArticulo], [CantidadUnidadesPedidas], [PrecioUnitarioVigente], [PedidoId]) VALUES (41, 6, 10, 20, 22)
GO
INSERT [dbo].[LineaPedido] ([Id], [IdArticulo], [CantidadUnidadesPedidas], [PrecioUnitarioVigente], [PedidoId]) VALUES (42, 3, 10, 35, 22)
GO
INSERT [dbo].[LineaPedido] ([Id], [IdArticulo], [CantidadUnidadesPedidas], [PrecioUnitarioVigente], [PedidoId]) VALUES (43, 18, 10, 70, 22)
GO
INSERT [dbo].[LineaPedido] ([Id], [IdArticulo], [CantidadUnidadesPedidas], [PrecioUnitarioVigente], [PedidoId]) VALUES (44, 4, 10, 20, 22)
GO
INSERT [dbo].[LineaPedido] ([Id], [IdArticulo], [CantidadUnidadesPedidas], [PrecioUnitarioVigente], [PedidoId]) VALUES (45, 16, 10, 220, 22)
GO
INSERT [dbo].[LineaPedido] ([Id], [IdArticulo], [CantidadUnidadesPedidas], [PrecioUnitarioVigente], [PedidoId]) VALUES (46, 5, 10, 100, 22)
GO
INSERT [dbo].[LineaPedido] ([Id], [IdArticulo], [CantidadUnidadesPedidas], [PrecioUnitarioVigente], [PedidoId]) VALUES (47, 19, 10, 55, 23)
GO
INSERT [dbo].[LineaPedido] ([Id], [IdArticulo], [CantidadUnidadesPedidas], [PrecioUnitarioVigente], [PedidoId]) VALUES (48, 15, 10, 300, 23)
GO
INSERT [dbo].[LineaPedido] ([Id], [IdArticulo], [CantidadUnidadesPedidas], [PrecioUnitarioVigente], [PedidoId]) VALUES (49, 20, 10, 45, 24)
GO
INSERT [dbo].[LineaPedido] ([Id], [IdArticulo], [CantidadUnidadesPedidas], [PrecioUnitarioVigente], [PedidoId]) VALUES (50, 19, 30, 55, 24)
GO
INSERT [dbo].[LineaPedido] ([Id], [IdArticulo], [CantidadUnidadesPedidas], [PrecioUnitarioVigente], [PedidoId]) VALUES (51, 15, 10, 300, 24)
GO
INSERT [dbo].[LineaPedido] ([Id], [IdArticulo], [CantidadUnidadesPedidas], [PrecioUnitarioVigente], [PedidoId]) VALUES (52, 5, 10, 100, 24)
GO
INSERT [dbo].[LineaPedido] ([Id], [IdArticulo], [CantidadUnidadesPedidas], [PrecioUnitarioVigente], [PedidoId]) VALUES (53, 13, 10, 90, 24)
GO
INSERT [dbo].[LineaPedido] ([Id], [IdArticulo], [CantidadUnidadesPedidas], [PrecioUnitarioVigente], [PedidoId]) VALUES (54, 11, 10, 120, 25)
GO
INSERT [dbo].[LineaPedido] ([Id], [IdArticulo], [CantidadUnidadesPedidas], [PrecioUnitarioVigente], [PedidoId]) VALUES (55, 17, 10, 90, 25)
GO
INSERT [dbo].[LineaPedido] ([Id], [IdArticulo], [CantidadUnidadesPedidas], [PrecioUnitarioVigente], [PedidoId]) VALUES (56, 3, 10, 35, 25)
GO
INSERT [dbo].[LineaPedido] ([Id], [IdArticulo], [CantidadUnidadesPedidas], [PrecioUnitarioVigente], [PedidoId]) VALUES (57, 6, 10, 20, 25)
GO
INSERT [dbo].[LineaPedido] ([Id], [IdArticulo], [CantidadUnidadesPedidas], [PrecioUnitarioVigente], [PedidoId]) VALUES (58, 14, 10, 115, 25)
GO
INSERT [dbo].[LineaPedido] ([Id], [IdArticulo], [CantidadUnidadesPedidas], [PrecioUnitarioVigente], [PedidoId]) VALUES (59, 8, 10, 45, 25)
GO
INSERT [dbo].[LineaPedido] ([Id], [IdArticulo], [CantidadUnidadesPedidas], [PrecioUnitarioVigente], [PedidoId]) VALUES (60, 9, 10, 30, 25)
GO
INSERT [dbo].[LineaPedido] ([Id], [IdArticulo], [CantidadUnidadesPedidas], [PrecioUnitarioVigente], [PedidoId]) VALUES (61, 20, 10, 45, 25)
GO
INSERT [dbo].[LineaPedido] ([Id], [IdArticulo], [CantidadUnidadesPedidas], [PrecioUnitarioVigente], [PedidoId]) VALUES (62, 16, 10, 220, 25)
GO
INSERT [dbo].[LineaPedido] ([Id], [IdArticulo], [CantidadUnidadesPedidas], [PrecioUnitarioVigente], [PedidoId]) VALUES (63, 19, 10, 55, 25)
GO
INSERT [dbo].[LineaPedido] ([Id], [IdArticulo], [CantidadUnidadesPedidas], [PrecioUnitarioVigente], [PedidoId]) VALUES (64, 13, 10, 90, 25)
GO
INSERT [dbo].[LineaPedido] ([Id], [IdArticulo], [CantidadUnidadesPedidas], [PrecioUnitarioVigente], [PedidoId]) VALUES (65, 12, 10, 255, 25)
GO
INSERT [dbo].[LineaPedido] ([Id], [IdArticulo], [CantidadUnidadesPedidas], [PrecioUnitarioVigente], [PedidoId]) VALUES (66, 15, 10, 300, 25)
GO
INSERT [dbo].[LineaPedido] ([Id], [IdArticulo], [CantidadUnidadesPedidas], [PrecioUnitarioVigente], [PedidoId]) VALUES (67, 2, 10, 15, 25)
GO
INSERT [dbo].[LineaPedido] ([Id], [IdArticulo], [CantidadUnidadesPedidas], [PrecioUnitarioVigente], [PedidoId]) VALUES (68, 25, 1, 9500, 25)
GO
INSERT [dbo].[LineaPedido] ([Id], [IdArticulo], [CantidadUnidadesPedidas], [PrecioUnitarioVigente], [PedidoId]) VALUES (69, 26, 2, 18000, 25)
GO
INSERT [dbo].[LineaPedido] ([Id], [IdArticulo], [CantidadUnidadesPedidas], [PrecioUnitarioVigente], [PedidoId]) VALUES (70, 4, 10, 20, 25)
GO
INSERT [dbo].[LineaPedido] ([Id], [IdArticulo], [CantidadUnidadesPedidas], [PrecioUnitarioVigente], [PedidoId]) VALUES (71, 7, 10, 80, 25)
GO
INSERT [dbo].[LineaPedido] ([Id], [IdArticulo], [CantidadUnidadesPedidas], [PrecioUnitarioVigente], [PedidoId]) VALUES (72, 18, 10, 70, 25)
GO
INSERT [dbo].[LineaPedido] ([Id], [IdArticulo], [CantidadUnidadesPedidas], [PrecioUnitarioVigente], [PedidoId]) VALUES (73, 24, 2, 200, 25)
GO
INSERT [dbo].[LineaPedido] ([Id], [IdArticulo], [CantidadUnidadesPedidas], [PrecioUnitarioVigente], [PedidoId]) VALUES (74, 23, 2, 200, 25)
GO
INSERT [dbo].[LineaPedido] ([Id], [IdArticulo], [CantidadUnidadesPedidas], [PrecioUnitarioVigente], [PedidoId]) VALUES (75, 21, 2, 200, 25)
GO
INSERT [dbo].[LineaPedido] ([Id], [IdArticulo], [CantidadUnidadesPedidas], [PrecioUnitarioVigente], [PedidoId]) VALUES (76, 22, 2, 200, 25)
GO
INSERT [dbo].[LineaPedido] ([Id], [IdArticulo], [CantidadUnidadesPedidas], [PrecioUnitarioVigente], [PedidoId]) VALUES (77, 5, 10, 100, 25)
GO
INSERT [dbo].[LineaPedido] ([Id], [IdArticulo], [CantidadUnidadesPedidas], [PrecioUnitarioVigente], [PedidoId]) VALUES (78, 10, 10, 60, 25)
GO
INSERT [dbo].[LineaPedido] ([Id], [IdArticulo], [CantidadUnidadesPedidas], [PrecioUnitarioVigente], [PedidoId]) VALUES (79, 1, 10, 50, 25)
GO
INSERT [dbo].[LineaPedido] ([Id], [IdArticulo], [CantidadUnidadesPedidas], [PrecioUnitarioVigente], [PedidoId]) VALUES (80, 27, 5, 120.5, 26)
GO
INSERT [dbo].[LineaPedido] ([Id], [IdArticulo], [CantidadUnidadesPedidas], [PrecioUnitarioVigente], [PedidoId]) VALUES (81, 28, 7, 120.5, 27)
GO
INSERT [dbo].[LineaPedido] ([Id], [IdArticulo], [CantidadUnidadesPedidas], [PrecioUnitarioVigente], [PedidoId]) VALUES (82, 29, 10, 10.3, 28)
GO
INSERT [dbo].[LineaPedido] ([Id], [IdArticulo], [CantidadUnidadesPedidas], [PrecioUnitarioVigente], [PedidoId]) VALUES (83, 30, 15, 15, 29)
GO
INSERT [dbo].[LineaPedido] ([Id], [IdArticulo], [CantidadUnidadesPedidas], [PrecioUnitarioVigente], [PedidoId]) VALUES (84, 31, 20, 5.75, 30)
GO
INSERT [dbo].[LineaPedido] ([Id], [IdArticulo], [CantidadUnidadesPedidas], [PrecioUnitarioVigente], [PedidoId]) VALUES (85, 32, 5, 25, 31)
GO
INSERT [dbo].[LineaPedido] ([Id], [IdArticulo], [CantidadUnidadesPedidas], [PrecioUnitarioVigente], [PedidoId]) VALUES (86, 33, 7, 45, 32)
GO
INSERT [dbo].[LineaPedido] ([Id], [IdArticulo], [CantidadUnidadesPedidas], [PrecioUnitarioVigente], [PedidoId]) VALUES (87, 34, 2, 750, 33)
GO
INSERT [dbo].[LineaPedido] ([Id], [IdArticulo], [CantidadUnidadesPedidas], [PrecioUnitarioVigente], [PedidoId]) VALUES (88, 35, 1, 1200, 34)
GO
INSERT [dbo].[LineaPedido] ([Id], [IdArticulo], [CantidadUnidadesPedidas], [PrecioUnitarioVigente], [PedidoId]) VALUES (89, 36, 6, 85, 35)
GO
INSERT [dbo].[LineaPedido] ([Id], [IdArticulo], [CantidadUnidadesPedidas], [PrecioUnitarioVigente], [PedidoId]) VALUES (90, 37, 12, 20, 36)
GO
INSERT [dbo].[LineaPedido] ([Id], [IdArticulo], [CantidadUnidadesPedidas], [PrecioUnitarioVigente], [PedidoId]) VALUES (91, 38, 5, 150, 37)
GO
INSERT [dbo].[LineaPedido] ([Id], [IdArticulo], [CantidadUnidadesPedidas], [PrecioUnitarioVigente], [PedidoId]) VALUES (92, 39, 2, 8800, 38)
GO
INSERT [dbo].[LineaPedido] ([Id], [IdArticulo], [CantidadUnidadesPedidas], [PrecioUnitarioVigente], [PedidoId]) VALUES (93, 40, 10, 15, 39)
GO
INSERT [dbo].[LineaPedido] ([Id], [IdArticulo], [CantidadUnidadesPedidas], [PrecioUnitarioVigente], [PedidoId]) VALUES (94, 41, 4, 35, 40)
GO
INSERT [dbo].[LineaPedido] ([Id], [IdArticulo], [CantidadUnidadesPedidas], [PrecioUnitarioVigente], [PedidoId]) VALUES (95, 42, 15, 20, 41)
GO
INSERT [dbo].[LineaPedido] ([Id], [IdArticulo], [CantidadUnidadesPedidas], [PrecioUnitarioVigente], [PedidoId]) VALUES (96, 43, 3, 18, 42)
GO
INSERT [dbo].[LineaPedido] ([Id], [IdArticulo], [CantidadUnidadesPedidas], [PrecioUnitarioVigente], [PedidoId]) VALUES (97, 44, 2, 130, 43)
GO
INSERT [dbo].[LineaPedido] ([Id], [IdArticulo], [CantidadUnidadesPedidas], [PrecioUnitarioVigente], [PedidoId]) VALUES (98, 45, 1, 400, 44)
GO
INSERT [dbo].[LineaPedido] ([Id], [IdArticulo], [CantidadUnidadesPedidas], [PrecioUnitarioVigente], [PedidoId]) VALUES (99, 46, 3, 350, 45)
GO
INSERT [dbo].[LineaPedido] ([Id], [IdArticulo], [CantidadUnidadesPedidas], [PrecioUnitarioVigente], [PedidoId]) VALUES (100, 47, 12, 60, 46)
GO
INSERT [dbo].[LineaPedido] ([Id], [IdArticulo], [CantidadUnidadesPedidas], [PrecioUnitarioVigente], [PedidoId]) VALUES (101, 48, 25, 15, 47)
GO
INSERT [dbo].[LineaPedido] ([Id], [IdArticulo], [CantidadUnidadesPedidas], [PrecioUnitarioVigente], [PedidoId]) VALUES (102, 49, 1, 550, 48)
GO
INSERT [dbo].[LineaPedido] ([Id], [IdArticulo], [CantidadUnidadesPedidas], [PrecioUnitarioVigente], [PedidoId]) VALUES (103, 50, 10, 80, 49)
GO
INSERT [dbo].[LineaPedido] ([Id], [IdArticulo], [CantidadUnidadesPedidas], [PrecioUnitarioVigente], [PedidoId]) VALUES (104, 51, 8, 90, 50)
GO
INSERT [dbo].[LineaPedido] ([Id], [IdArticulo], [CantidadUnidadesPedidas], [PrecioUnitarioVigente], [PedidoId]) VALUES (105, 52, 20, 30, 51)
GO
INSERT [dbo].[LineaPedido] ([Id], [IdArticulo], [CantidadUnidadesPedidas], [PrecioUnitarioVigente], [PedidoId]) VALUES (106, 53, 6, 110, 52)
GO
INSERT [dbo].[LineaPedido] ([Id], [IdArticulo], [CantidadUnidadesPedidas], [PrecioUnitarioVigente], [PedidoId]) VALUES (107, 54, 10, 50, 53)
GO
INSERT [dbo].[LineaPedido] ([Id], [IdArticulo], [CantidadUnidadesPedidas], [PrecioUnitarioVigente], [PedidoId]) VALUES (108, 55, 5, 120, 54)
GO
INSERT [dbo].[LineaPedido] ([Id], [IdArticulo], [CantidadUnidadesPedidas], [PrecioUnitarioVigente], [PedidoId]) VALUES (109, 56, 3, 90, 54)
GO
INSERT [dbo].[LineaPedido] ([Id], [IdArticulo], [CantidadUnidadesPedidas], [PrecioUnitarioVigente], [PedidoId]) VALUES (110, 56, 3, 90, 55)
GO
INSERT [dbo].[LineaPedido] ([Id], [IdArticulo], [CantidadUnidadesPedidas], [PrecioUnitarioVigente], [PedidoId]) VALUES (111, 57, 7, 75, 55)
GO
SET IDENTITY_INSERT [dbo].[LineaPedido] OFF
GO
SET IDENTITY_INSERT [dbo].[TiposMovimientos] ON 
GO
INSERT [dbo].[TiposMovimientos] ([Id], [Nombre], [EstadoStock]) VALUES (1, N'Venta', -1)
GO
INSERT [dbo].[TiposMovimientos] ([Id], [Nombre], [EstadoStock]) VALUES (2, N'Devolucion', 1)
GO
INSERT [dbo].[TiposMovimientos] ([Id], [Nombre], [EstadoStock]) VALUES (3, N'Compra', 1)
GO
INSERT [dbo].[TiposMovimientos] ([Id], [Nombre], [EstadoStock]) VALUES (4, N'Transferencia', -1)
GO
INSERT [dbo].[TiposMovimientos] ([Id], [Nombre], [EstadoStock]) VALUES (5, N'Ajuste de Inventario', -1)
GO
INSERT [dbo].[TiposMovimientos] ([Id], [Nombre], [EstadoStock]) VALUES (6, N'Donacion', -1)
GO
INSERT [dbo].[TiposMovimientos] ([Id], [Nombre], [EstadoStock]) VALUES (7, N'Promocion', -1)
GO
INSERT [dbo].[TiposMovimientos] ([Id], [Nombre], [EstadoStock]) VALUES (8, N'Destruccion', -1)
GO
INSERT [dbo].[TiposMovimientos] ([Id], [Nombre], [EstadoStock]) VALUES (9, N'Produccion', 1)
GO
INSERT [dbo].[TiposMovimientos] ([Id], [Nombre], [EstadoStock]) VALUES (10, N'Consignacion', -1)
GO
INSERT [dbo].[TiposMovimientos] ([Id], [Nombre], [EstadoStock]) VALUES (11, N'Alquiler', -1)
GO
INSERT [dbo].[TiposMovimientos] ([Id], [Nombre], [EstadoStock]) VALUES (12, N'Retorno de Alquiler', 1)
GO
INSERT [dbo].[TiposMovimientos] ([Id], [Nombre], [EstadoStock]) VALUES (13, N'Reservado', 1)
GO
SET IDENTITY_INSERT [dbo].[TiposMovimientos] OFF
GO
SET IDENTITY_INSERT [dbo].[Movimientos] ON 
GO
INSERT [dbo].[Movimientos] ([Id], [Fecha], [IdArticulo], [IdTipoMovimiento], [EmailEncargado], [Cantidad]) VALUES (1, CAST(N'2020-06-09T00:00:00.0000000' AS DateTime2), 1, 1, N'lopez@gmail.com', 8)
GO
INSERT [dbo].[Movimientos] ([Id], [Fecha], [IdArticulo], [IdTipoMovimiento], [EmailEncargado], [Cantidad]) VALUES (2, CAST(N'2020-06-09T00:00:00.0000000' AS DateTime2), 2, 2, N'lopez@gmail.com', 5)
GO
INSERT [dbo].[Movimientos] ([Id], [Fecha], [IdArticulo], [IdTipoMovimiento], [EmailEncargado], [Cantidad]) VALUES (3, CAST(N'2020-06-09T00:00:00.0000000' AS DateTime2), 3, 3, N'lopez@gmail.com', 6)
GO
INSERT [dbo].[Movimientos] ([Id], [Fecha], [IdArticulo], [IdTipoMovimiento], [EmailEncargado], [Cantidad]) VALUES (4, CAST(N'2020-06-09T00:00:00.0000000' AS DateTime2), 4, 1, N'lopez@gmail.com', 7)
GO
INSERT [dbo].[Movimientos] ([Id], [Fecha], [IdArticulo], [IdTipoMovimiento], [EmailEncargado], [Cantidad]) VALUES (5, CAST(N'2020-06-09T00:00:00.0000000' AS DateTime2), 5, 2, N'lopez@gmail.com', 3)
GO
INSERT [dbo].[Movimientos] ([Id], [Fecha], [IdArticulo], [IdTipoMovimiento], [EmailEncargado], [Cantidad]) VALUES (6, CAST(N'2020-06-09T00:00:00.0000000' AS DateTime2), 6, 3, N'lopez@gmail.com', 9)
GO
INSERT [dbo].[Movimientos] ([Id], [Fecha], [IdArticulo], [IdTipoMovimiento], [EmailEncargado], [Cantidad]) VALUES (7, CAST(N'2020-06-09T00:00:00.0000000' AS DateTime2), 7, 1, N'lopez@gmail.com', 2)
GO
INSERT [dbo].[Movimientos] ([Id], [Fecha], [IdArticulo], [IdTipoMovimiento], [EmailEncargado], [Cantidad]) VALUES (8, CAST(N'2020-06-09T00:00:00.0000000' AS DateTime2), 8, 2, N'lopez@gmail.com', 4)
GO
INSERT [dbo].[Movimientos] ([Id], [Fecha], [IdArticulo], [IdTipoMovimiento], [EmailEncargado], [Cantidad]) VALUES (9, CAST(N'2020-06-09T00:00:00.0000000' AS DateTime2), 9, 3, N'lopez@gmail.com', 10)
GO
INSERT [dbo].[Movimientos] ([Id], [Fecha], [IdArticulo], [IdTipoMovimiento], [EmailEncargado], [Cantidad]) VALUES (10, CAST(N'2020-06-09T00:00:00.0000000' AS DateTime2), 10, 1, N'lopez@gmail.com', 1)
GO
INSERT [dbo].[Movimientos] ([Id], [Fecha], [IdArticulo], [IdTipoMovimiento], [EmailEncargado], [Cantidad]) VALUES (11, CAST(N'2020-06-09T00:00:00.0000000' AS DateTime2), 11, 2, N'lopez@gmail.com', 6)
GO
INSERT [dbo].[Movimientos] ([Id], [Fecha], [IdArticulo], [IdTipoMovimiento], [EmailEncargado], [Cantidad]) VALUES (12, CAST(N'2020-06-09T00:00:00.0000000' AS DateTime2), 12, 3, N'lopez@gmail.com', 7)
GO
INSERT [dbo].[Movimientos] ([Id], [Fecha], [IdArticulo], [IdTipoMovimiento], [EmailEncargado], [Cantidad]) VALUES (13, CAST(N'2020-06-09T00:00:00.0000000' AS DateTime2), 13, 1, N'lopez@gmail.com', 8)
GO
INSERT [dbo].[Movimientos] ([Id], [Fecha], [IdArticulo], [IdTipoMovimiento], [EmailEncargado], [Cantidad]) VALUES (14, CAST(N'2021-06-09T00:00:00.0000000' AS DateTime2), 14, 2, N'lopez@gmail.com', 3)
GO
INSERT [dbo].[Movimientos] ([Id], [Fecha], [IdArticulo], [IdTipoMovimiento], [EmailEncargado], [Cantidad]) VALUES (15, CAST(N'2021-06-09T00:00:00.0000000' AS DateTime2), 15, 3, N'lopez@gmail.com', 9)
GO
INSERT [dbo].[Movimientos] ([Id], [Fecha], [IdArticulo], [IdTipoMovimiento], [EmailEncargado], [Cantidad]) VALUES (16, CAST(N'2021-06-09T00:00:00.0000000' AS DateTime2), 16, 1, N'lopez@gmail.com', 2)
GO
INSERT [dbo].[Movimientos] ([Id], [Fecha], [IdArticulo], [IdTipoMovimiento], [EmailEncargado], [Cantidad]) VALUES (17, CAST(N'2021-06-09T00:00:00.0000000' AS DateTime2), 17, 2, N'lopez@gmail.com', 4)
GO
INSERT [dbo].[Movimientos] ([Id], [Fecha], [IdArticulo], [IdTipoMovimiento], [EmailEncargado], [Cantidad]) VALUES (18, CAST(N'2021-06-09T00:00:00.0000000' AS DateTime2), 18, 3, N'lopez@gmail.com', 5)
GO
INSERT [dbo].[Movimientos] ([Id], [Fecha], [IdArticulo], [IdTipoMovimiento], [EmailEncargado], [Cantidad]) VALUES (19, CAST(N'2021-06-09T00:00:00.0000000' AS DateTime2), 19, 1, N'lopez@gmail.com', 3)
GO
INSERT [dbo].[Movimientos] ([Id], [Fecha], [IdArticulo], [IdTipoMovimiento], [EmailEncargado], [Cantidad]) VALUES (20, CAST(N'2019-06-09T00:00:00.0000000' AS DateTime2), 20, 2, N'lopez@gmail.com', 6)
GO
INSERT [dbo].[Movimientos] ([Id], [Fecha], [IdArticulo], [IdTipoMovimiento], [EmailEncargado], [Cantidad]) VALUES (21, CAST(N'2019-02-03T10:00:00.0000000' AS DateTime2), 3, 3, N'lopez@gmail.com', 4)
GO
INSERT [dbo].[Movimientos] ([Id], [Fecha], [IdArticulo], [IdTipoMovimiento], [EmailEncargado], [Cantidad]) VALUES (22, CAST(N'2019-03-09T10:00:00.0000000' AS DateTime2), 3, 1, N'lopez@gmail.com', 6)
GO
INSERT [dbo].[Movimientos] ([Id], [Fecha], [IdArticulo], [IdTipoMovimiento], [EmailEncargado], [Cantidad]) VALUES (23, CAST(N'2019-04-06T09:40:00.0000000' AS DateTime2), 3, 1, N'lopez@gmail.com', 9)
GO
INSERT [dbo].[Movimientos] ([Id], [Fecha], [IdArticulo], [IdTipoMovimiento], [EmailEncargado], [Cantidad]) VALUES (24, CAST(N'2019-04-11T09:00:00.0000000' AS DateTime2), 3, 3, N'lopez@gmail.com', 6)
GO
INSERT [dbo].[Movimientos] ([Id], [Fecha], [IdArticulo], [IdTipoMovimiento], [EmailEncargado], [Cantidad]) VALUES (25, CAST(N'2019-06-05T13:00:00.0000000' AS DateTime2), 3, 2, N'lopez@gmail.com', 8)
GO
INSERT [dbo].[Movimientos] ([Id], [Fecha], [IdArticulo], [IdTipoMovimiento], [EmailEncargado], [Cantidad]) VALUES (26, CAST(N'2019-06-11T14:30:00.0000000' AS DateTime2), 3, 3, N'lopez@gmail.com', 9)
GO
INSERT [dbo].[Movimientos] ([Id], [Fecha], [IdArticulo], [IdTipoMovimiento], [EmailEncargado], [Cantidad]) VALUES (27, CAST(N'2019-06-11T14:30:00.0000000' AS DateTime2), 3, 3, N'lopez@gmail.com', 5)
GO
INSERT [dbo].[Movimientos] ([Id], [Fecha], [IdArticulo], [IdTipoMovimiento], [EmailEncargado], [Cantidad]) VALUES (28, CAST(N'2019-06-11T14:30:00.0000000' AS DateTime2), 3, 3, N'lopez@gmail.com', 3)
GO
INSERT [dbo].[Movimientos] ([Id], [Fecha], [IdArticulo], [IdTipoMovimiento], [EmailEncargado], [Cantidad]) VALUES (29, CAST(N'2019-12-11T13:30:00.0000000' AS DateTime2), 3, 3, N'lopez@gmail.com', 5)
GO
INSERT [dbo].[Movimientos] ([Id], [Fecha], [IdArticulo], [IdTipoMovimiento], [EmailEncargado], [Cantidad]) VALUES (30, CAST(N'2019-01-15T09:00:00.0000000' AS DateTime2), 30, 1, N'gsosa@gmail.com', 5)
GO
INSERT [dbo].[Movimientos] ([Id], [Fecha], [IdArticulo], [IdTipoMovimiento], [EmailEncargado], [Cantidad]) VALUES (31, CAST(N'2019-02-20T10:30:00.0000000' AS DateTime2), 31, 2, N'gsosa@gmail.com', 3)
GO
INSERT [dbo].[Movimientos] ([Id], [Fecha], [IdArticulo], [IdTipoMovimiento], [EmailEncargado], [Cantidad]) VALUES (32, CAST(N'2019-03-05T11:15:00.0000000' AS DateTime2), 32, 3, N'gsosa@gmail.com', 7)
GO
INSERT [dbo].[Movimientos] ([Id], [Fecha], [IdArticulo], [IdTipoMovimiento], [EmailEncargado], [Cantidad]) VALUES (33, CAST(N'2019-04-10T14:00:00.0000000' AS DateTime2), 33, 1, N'gsosa@gmail.com', 6)
GO
INSERT [dbo].[Movimientos] ([Id], [Fecha], [IdArticulo], [IdTipoMovimiento], [EmailEncargado], [Cantidad]) VALUES (34, CAST(N'2020-05-15T15:30:00.0000000' AS DateTime2), 34, 2, N'gsosa@gmail.com', 4)
GO
INSERT [dbo].[Movimientos] ([Id], [Fecha], [IdArticulo], [IdTipoMovimiento], [EmailEncargado], [Cantidad]) VALUES (35, CAST(N'2020-06-20T16:45:00.0000000' AS DateTime2), 35, 3, N'gsosa@gmail.com', 8)
GO
INSERT [dbo].[Movimientos] ([Id], [Fecha], [IdArticulo], [IdTipoMovimiento], [EmailEncargado], [Cantidad]) VALUES (36, CAST(N'2020-07-25T09:00:00.0000000' AS DateTime2), 36, 1, N'gsosa@gmail.com', 2)
GO
INSERT [dbo].[Movimientos] ([Id], [Fecha], [IdArticulo], [IdTipoMovimiento], [EmailEncargado], [Cantidad]) VALUES (37, CAST(N'2020-08-28T10:30:00.0000000' AS DateTime2), 37, 2, N'gsosa@gmail.com', 5)
GO
INSERT [dbo].[Movimientos] ([Id], [Fecha], [IdArticulo], [IdTipoMovimiento], [EmailEncargado], [Cantidad]) VALUES (38, CAST(N'2020-09-05T11:15:00.0000000' AS DateTime2), 38, 3, N'gsosa@gmail.com', 6)
GO
INSERT [dbo].[Movimientos] ([Id], [Fecha], [IdArticulo], [IdTipoMovimiento], [EmailEncargado], [Cantidad]) VALUES (39, CAST(N'2020-10-10T14:00:00.0000000' AS DateTime2), 39, 1, N'gsosa@gmail.com', 4)
GO
INSERT [dbo].[Movimientos] ([Id], [Fecha], [IdArticulo], [IdTipoMovimiento], [EmailEncargado], [Cantidad]) VALUES (40, CAST(N'2023-12-11T13:30:00.0000000' AS DateTime2), 40, 2, N'pablo@gmail.com', 5)
GO
INSERT [dbo].[Movimientos] ([Id], [Fecha], [IdArticulo], [IdTipoMovimiento], [EmailEncargado], [Cantidad]) VALUES (41, CAST(N'2023-12-11T13:30:00.0000000' AS DateTime2), 41, 1, N'pablo@gmail.com', 7)
GO
INSERT [dbo].[Movimientos] ([Id], [Fecha], [IdArticulo], [IdTipoMovimiento], [EmailEncargado], [Cantidad]) VALUES (42, CAST(N'2023-12-11T13:30:00.0000000' AS DateTime2), 42, 3, N'pablo@gmail.com', 8)
GO
INSERT [dbo].[Movimientos] ([Id], [Fecha], [IdArticulo], [IdTipoMovimiento], [EmailEncargado], [Cantidad]) VALUES (43, CAST(N'2023-12-11T13:30:00.0000000' AS DateTime2), 43, 2, N'pablo@gmail.com', 6)
GO
INSERT [dbo].[Movimientos] ([Id], [Fecha], [IdArticulo], [IdTipoMovimiento], [EmailEncargado], [Cantidad]) VALUES (44, CAST(N'2023-12-11T13:30:00.0000000' AS DateTime2), 44, 1, N'pablo@gmail.com', 5)
GO
INSERT [dbo].[Movimientos] ([Id], [Fecha], [IdArticulo], [IdTipoMovimiento], [EmailEncargado], [Cantidad]) VALUES (45, CAST(N'2023-12-11T13:30:00.0000000' AS DateTime2), 45, 3, N'pablo@gmail.com', 9)
GO
INSERT [dbo].[Movimientos] ([Id], [Fecha], [IdArticulo], [IdTipoMovimiento], [EmailEncargado], [Cantidad]) VALUES (46, CAST(N'2023-12-11T13:30:00.0000000' AS DateTime2), 46, 3, N'pablo@gmail.com', 4)
GO
INSERT [dbo].[Movimientos] ([Id], [Fecha], [IdArticulo], [IdTipoMovimiento], [EmailEncargado], [Cantidad]) VALUES (47, CAST(N'2023-12-11T13:30:00.0000000' AS DateTime2), 47, 2, N'pablo@gmail.com', 7)
GO
INSERT [dbo].[Movimientos] ([Id], [Fecha], [IdArticulo], [IdTipoMovimiento], [EmailEncargado], [Cantidad]) VALUES (48, CAST(N'2023-12-11T13:30:00.0000000' AS DateTime2), 48, 1, N'pablo@gmail.com', 6)
GO
INSERT [dbo].[Movimientos] ([Id], [Fecha], [IdArticulo], [IdTipoMovimiento], [EmailEncargado], [Cantidad]) VALUES (49, CAST(N'2023-12-11T13:30:00.0000000' AS DateTime2), 49, 3, N'pablo@gmail.com', 3)
GO
INSERT [dbo].[Movimientos] ([Id], [Fecha], [IdArticulo], [IdTipoMovimiento], [EmailEncargado], [Cantidad]) VALUES (50, CAST(N'2023-12-11T13:30:00.0000000' AS DateTime2), 50, 2, N'pablo@gmail.com', 8)
GO
INSERT [dbo].[Movimientos] ([Id], [Fecha], [IdArticulo], [IdTipoMovimiento], [EmailEncargado], [Cantidad]) VALUES (51, CAST(N'2023-12-11T13:30:00.0000000' AS DateTime2), 51, 1, N'pablo@gmail.com', 2)
GO
INSERT [dbo].[Movimientos] ([Id], [Fecha], [IdArticulo], [IdTipoMovimiento], [EmailEncargado], [Cantidad]) VALUES (52, CAST(N'2023-12-11T13:30:00.0000000' AS DateTime2), 52, 3, N'pablo@gmail.com', 6)
GO
INSERT [dbo].[Movimientos] ([Id], [Fecha], [IdArticulo], [IdTipoMovimiento], [EmailEncargado], [Cantidad]) VALUES (53, CAST(N'2023-12-11T13:30:00.0000000' AS DateTime2), 53, 2, N'pablo@gmail.com', 5)
GO
INSERT [dbo].[Movimientos] ([Id], [Fecha], [IdArticulo], [IdTipoMovimiento], [EmailEncargado], [Cantidad]) VALUES (54, CAST(N'2023-12-11T13:30:00.0000000' AS DateTime2), 54, 1, N'pablo@gmail.com', 4)
GO
INSERT [dbo].[Movimientos] ([Id], [Fecha], [IdArticulo], [IdTipoMovimiento], [EmailEncargado], [Cantidad]) VALUES (55, CAST(N'2023-12-11T13:30:00.0000000' AS DateTime2), 55, 3, N'pablo@gmail.com', 7)
GO
INSERT [dbo].[Movimientos] ([Id], [Fecha], [IdArticulo], [IdTipoMovimiento], [EmailEncargado], [Cantidad]) VALUES (56, CAST(N'2023-12-11T13:30:00.0000000' AS DateTime2), 56, 3, N'pablo@gmail.com', 9)
GO
INSERT [dbo].[Movimientos] ([Id], [Fecha], [IdArticulo], [IdTipoMovimiento], [EmailEncargado], [Cantidad]) VALUES (57, CAST(N'2023-12-11T13:30:00.0000000' AS DateTime2), 57, 2, N'pablo@gmail.com', 3)
GO
INSERT [dbo].[Movimientos] ([Id], [Fecha], [IdArticulo], [IdTipoMovimiento], [EmailEncargado], [Cantidad]) VALUES (58, CAST(N'2023-12-11T13:30:00.0000000' AS DateTime2), 58, 1, N'pablo@gmail.com', 5)
GO
INSERT [dbo].[Movimientos] ([Id], [Fecha], [IdArticulo], [IdTipoMovimiento], [EmailEncargado], [Cantidad]) VALUES (59, CAST(N'2023-12-11T13:30:00.0000000' AS DateTime2), 59, 3, N'pablo@gmail.com', 6)
GO
INSERT [dbo].[Movimientos] ([Id], [Fecha], [IdArticulo], [IdTipoMovimiento], [EmailEncargado], [Cantidad]) VALUES (60, CAST(N'2023-12-11T13:30:00.0000000' AS DateTime2), 60, 2, N'pablo@gmail.com', 8)
GO
INSERT [dbo].[Movimientos] ([Id], [Fecha], [IdArticulo], [IdTipoMovimiento], [EmailEncargado], [Cantidad]) VALUES (61, CAST(N'2023-12-11T13:30:00.0000000' AS DateTime2), 61, 1, N'pablo@gmail.com', 7)
GO
INSERT [dbo].[Movimientos] ([Id], [Fecha], [IdArticulo], [IdTipoMovimiento], [EmailEncargado], [Cantidad]) VALUES (62, CAST(N'2022-07-15T09:00:00.0000000' AS DateTime2), 62, 1, N'gsosa@gmail.com', 5)
GO
INSERT [dbo].[Movimientos] ([Id], [Fecha], [IdArticulo], [IdTipoMovimiento], [EmailEncargado], [Cantidad]) VALUES (63, CAST(N'2022-08-20T10:30:00.0000000' AS DateTime2), 63, 2, N'gsosa@gmail.com', 3)
GO
INSERT [dbo].[Movimientos] ([Id], [Fecha], [IdArticulo], [IdTipoMovimiento], [EmailEncargado], [Cantidad]) VALUES (64, CAST(N'2022-09-05T11:15:00.0000000' AS DateTime2), 64, 3, N'gsosa@gmail.com', 7)
GO
INSERT [dbo].[Movimientos] ([Id], [Fecha], [IdArticulo], [IdTipoMovimiento], [EmailEncargado], [Cantidad]) VALUES (65, CAST(N'2022-10-10T14:00:00.0000000' AS DateTime2), 65, 1, N'gsosa@gmail.com', 6)
GO
INSERT [dbo].[Movimientos] ([Id], [Fecha], [IdArticulo], [IdTipoMovimiento], [EmailEncargado], [Cantidad]) VALUES (66, CAST(N'2022-11-15T15:30:00.0000000' AS DateTime2), 66, 2, N'gsosa@gmail.com', 4)
GO
INSERT [dbo].[Movimientos] ([Id], [Fecha], [IdArticulo], [IdTipoMovimiento], [EmailEncargado], [Cantidad]) VALUES (67, CAST(N'2022-12-20T16:45:00.0000000' AS DateTime2), 67, 3, N'gsosa@gmail.com', 8)
GO
INSERT [dbo].[Movimientos] ([Id], [Fecha], [IdArticulo], [IdTipoMovimiento], [EmailEncargado], [Cantidad]) VALUES (68, CAST(N'2022-01-25T09:00:00.0000000' AS DateTime2), 68, 1, N'gsosa@gmail.com', 2)
GO
INSERT [dbo].[Movimientos] ([Id], [Fecha], [IdArticulo], [IdTipoMovimiento], [EmailEncargado], [Cantidad]) VALUES (69, CAST(N'2022-02-28T10:30:00.0000000' AS DateTime2), 69, 2, N'gsosa@gmail.com', 5)
GO
INSERT [dbo].[Movimientos] ([Id], [Fecha], [IdArticulo], [IdTipoMovimiento], [EmailEncargado], [Cantidad]) VALUES (70, CAST(N'2022-03-05T11:15:00.0000000' AS DateTime2), 70, 3, N'gsosa@gmail.com', 6)
GO
INSERT [dbo].[Movimientos] ([Id], [Fecha], [IdArticulo], [IdTipoMovimiento], [EmailEncargado], [Cantidad]) VALUES (71, CAST(N'2022-04-10T14:00:00.0000000' AS DateTime2), 71, 1, N'gsosa@gmail.com', 4)
GO
INSERT [dbo].[Movimientos] ([Id], [Fecha], [IdArticulo], [IdTipoMovimiento], [EmailEncargado], [Cantidad]) VALUES (72, CAST(N'2022-05-15T15:30:00.0000000' AS DateTime2), 72, 2, N'gsosa@gmail.com', 7)
GO
INSERT [dbo].[Movimientos] ([Id], [Fecha], [IdArticulo], [IdTipoMovimiento], [EmailEncargado], [Cantidad]) VALUES (73, CAST(N'2022-06-20T16:45:00.0000000' AS DateTime2), 73, 3, N'gsosa@gmail.com', 5)
GO
INSERT [dbo].[Movimientos] ([Id], [Fecha], [IdArticulo], [IdTipoMovimiento], [EmailEncargado], [Cantidad]) VALUES (74, CAST(N'2022-07-25T09:00:00.0000000' AS DateTime2), 74, 1, N'gsosa@gmail.com', 3)
GO
INSERT [dbo].[Movimientos] ([Id], [Fecha], [IdArticulo], [IdTipoMovimiento], [EmailEncargado], [Cantidad]) VALUES (75, CAST(N'2022-08-28T10:30:00.0000000' AS DateTime2), 75, 2, N'gsosa@gmail.com', 6)
GO
INSERT [dbo].[Movimientos] ([Id], [Fecha], [IdArticulo], [IdTipoMovimiento], [EmailEncargado], [Cantidad]) VALUES (76, CAST(N'2022-09-05T11:15:00.0000000' AS DateTime2), 76, 3, N'gsosa@gmail.com', 7)
GO
INSERT [dbo].[Movimientos] ([Id], [Fecha], [IdArticulo], [IdTipoMovimiento], [EmailEncargado], [Cantidad]) VALUES (77, CAST(N'2022-10-10T14:00:00.0000000' AS DateTime2), 77, 1, N'gsosa@gmail.com', 2)
GO
INSERT [dbo].[Movimientos] ([Id], [Fecha], [IdArticulo], [IdTipoMovimiento], [EmailEncargado], [Cantidad]) VALUES (78, CAST(N'2021-11-15T15:30:00.0000000' AS DateTime2), 78, 2, N'gsosa@gmail.com', 4)
GO
INSERT [dbo].[Movimientos] ([Id], [Fecha], [IdArticulo], [IdTipoMovimiento], [EmailEncargado], [Cantidad]) VALUES (79, CAST(N'2021-12-20T16:45:00.0000000' AS DateTime2), 79, 3, N'gsosa@gmail.com', 5)
GO
INSERT [dbo].[Movimientos] ([Id], [Fecha], [IdArticulo], [IdTipoMovimiento], [EmailEncargado], [Cantidad]) VALUES (80, CAST(N'2022-01-25T09:00:00.0000000' AS DateTime2), 80, 1, N'gsosa@gmail.com', 6)
GO
INSERT [dbo].[Movimientos] ([Id], [Fecha], [IdArticulo], [IdTipoMovimiento], [EmailEncargado], [Cantidad]) VALUES (81, CAST(N'2022-06-19T14:05:57.6427579' AS DateTime2), 3, 6, N'luis@gmail.com', 5)
GO
INSERT [dbo].[Movimientos] ([Id], [Fecha], [IdArticulo], [IdTipoMovimiento], [EmailEncargado], [Cantidad]) VALUES (82, CAST(N'2022-06-19T14:47:06.3933173' AS DateTime2), 3, 5, N'luis@gmail.com', 6)
GO
INSERT [dbo].[Movimientos] ([Id], [Fecha], [IdArticulo], [IdTipoMovimiento], [EmailEncargado], [Cantidad]) VALUES (83, CAST(N'2022-06-19T14:48:02.2361280' AS DateTime2), 6, 11, N'luis@gmail.com', 4)
GO
INSERT [dbo].[Movimientos] ([Id], [Fecha], [IdArticulo], [IdTipoMovimiento], [EmailEncargado], [Cantidad]) VALUES (84, CAST(N'2022-06-19T14:49:14.3930960' AS DateTime2), 3, 9, N'luis@gmail.com', 6)
GO
INSERT [dbo].[Movimientos] ([Id], [Fecha], [IdArticulo], [IdTipoMovimiento], [EmailEncargado], [Cantidad]) VALUES (85, CAST(N'2022-06-19T14:54:50.7168987' AS DateTime2), 3, 4, N'luis@gmail.com', 3)
GO
INSERT [dbo].[Movimientos] ([Id], [Fecha], [IdArticulo], [IdTipoMovimiento], [EmailEncargado], [Cantidad]) VALUES (86, CAST(N'2022-06-19T15:04:50.4792426' AS DateTime2), 47, 4, N'luis@gmail.com', 4)
GO
INSERT [dbo].[Movimientos] ([Id], [Fecha], [IdArticulo], [IdTipoMovimiento], [EmailEncargado], [Cantidad]) VALUES (87, CAST(N'2022-06-19T15:04:57.7319559' AS DateTime2), 47, 1, N'luis@gmail.com', 3)
GO
INSERT [dbo].[Movimientos] ([Id], [Fecha], [IdArticulo], [IdTipoMovimiento], [EmailEncargado], [Cantidad]) VALUES (88, CAST(N'2022-06-19T15:05:04.1547536' AS DateTime2), 47, 2, N'luis@gmail.com', 5)
GO
INSERT [dbo].[Movimientos] ([Id], [Fecha], [IdArticulo], [IdTipoMovimiento], [EmailEncargado], [Cantidad]) VALUES (89, CAST(N'2022-06-19T15:05:11.6970005' AS DateTime2), 47, 5, N'luis@gmail.com', 6)
GO
INSERT [dbo].[Movimientos] ([Id], [Fecha], [IdArticulo], [IdTipoMovimiento], [EmailEncargado], [Cantidad]) VALUES (90, CAST(N'2022-06-19T15:05:19.5417468' AS DateTime2), 47, 3, N'luis@gmail.com', 6)
GO
INSERT [dbo].[Movimientos] ([Id], [Fecha], [IdArticulo], [IdTipoMovimiento], [EmailEncargado], [Cantidad]) VALUES (91, CAST(N'2022-06-19T15:05:30.1510402' AS DateTime2), 47, 11, N'luis@gmail.com', 6)
GO
INSERT [dbo].[Movimientos] ([Id], [Fecha], [IdArticulo], [IdTipoMovimiento], [EmailEncargado], [Cantidad]) VALUES (92, CAST(N'2022-06-19T15:05:40.2866727' AS DateTime2), 47, 9, N'luis@gmail.com', 7)
GO
INSERT [dbo].[Movimientos] ([Id], [Fecha], [IdArticulo], [IdTipoMovimiento], [EmailEncargado], [Cantidad]) VALUES (93, CAST(N'2023-06-19T15:05:47.0081277' AS DateTime2), 47, 6, N'luis@gmail.com', 6)
GO
INSERT [dbo].[Movimientos] ([Id], [Fecha], [IdArticulo], [IdTipoMovimiento], [EmailEncargado], [Cantidad]) VALUES (94, CAST(N'2023-06-19T15:05:53.5208338' AS DateTime2), 47, 13, N'luis@gmail.com', 2)
GO
INSERT [dbo].[Movimientos] ([Id], [Fecha], [IdArticulo], [IdTipoMovimiento], [EmailEncargado], [Cantidad]) VALUES (95, CAST(N'2023-06-19T15:06:00.7718614' AS DateTime2), 47, 12, N'luis@gmail.com', 1)
GO
INSERT [dbo].[Movimientos] ([Id], [Fecha], [IdArticulo], [IdTipoMovimiento], [EmailEncargado], [Cantidad]) VALUES (96, CAST(N'2023-06-19T15:06:06.1783655' AS DateTime2), 11, 5, N'luis@gmail.com', 6)
GO
INSERT [dbo].[Movimientos] ([Id], [Fecha], [IdArticulo], [IdTipoMovimiento], [EmailEncargado], [Cantidad]) VALUES (97, CAST(N'2023-06-19T15:06:23.2391858' AS DateTime2), 11, 1, N'luis@gmail.com', 9)
GO
INSERT [dbo].[Movimientos] ([Id], [Fecha], [IdArticulo], [IdTipoMovimiento], [EmailEncargado], [Cantidad]) VALUES (98, CAST(N'2023-06-19T15:06:42.3960340' AS DateTime2), 11, 2, N'luis@gmail.com', 5)
GO
INSERT [dbo].[Movimientos] ([Id], [Fecha], [IdArticulo], [IdTipoMovimiento], [EmailEncargado], [Cantidad]) VALUES (99, CAST(N'2023-06-19T15:06:49.3038666' AS DateTime2), 11, 6, N'luis@gmail.com', 10)
GO
INSERT [dbo].[Movimientos] ([Id], [Fecha], [IdArticulo], [IdTipoMovimiento], [EmailEncargado], [Cantidad]) VALUES (100, CAST(N'2023-06-19T15:06:55.6766469' AS DateTime2), 11, 4, N'luis@gmail.com', 5)
GO
INSERT [dbo].[Movimientos] ([Id], [Fecha], [IdArticulo], [IdTipoMovimiento], [EmailEncargado], [Cantidad]) VALUES (101, CAST(N'2023-06-19T15:07:04.6852407' AS DateTime2), 11, 8, N'luis@gmail.com', 2)
GO
INSERT [dbo].[Movimientos] ([Id], [Fecha], [IdArticulo], [IdTipoMovimiento], [EmailEncargado], [Cantidad]) VALUES (102, CAST(N'2023-06-19T15:07:13.5628275' AS DateTime2), 11, 13, N'luis@gmail.com', 2)
GO
INSERT [dbo].[Movimientos] ([Id], [Fecha], [IdArticulo], [IdTipoMovimiento], [EmailEncargado], [Cantidad]) VALUES (103, CAST(N'2023-06-19T15:07:53.2429163' AS DateTime2), 12, 6, N'luis@gmail.com', 5)
GO
INSERT [dbo].[Movimientos] ([Id], [Fecha], [IdArticulo], [IdTipoMovimiento], [EmailEncargado], [Cantidad]) VALUES (104, CAST(N'2023-06-19T15:08:37.4726780' AS DateTime2), 12, 9, N'nacho@gmail.com', 4)
GO
INSERT [dbo].[Movimientos] ([Id], [Fecha], [IdArticulo], [IdTipoMovimiento], [EmailEncargado], [Cantidad]) VALUES (105, CAST(N'2023-06-19T15:08:44.5138588' AS DateTime2), 12, 13, N'nacho@gmail.com', 6)
GO
INSERT [dbo].[Movimientos] ([Id], [Fecha], [IdArticulo], [IdTipoMovimiento], [EmailEncargado], [Cantidad]) VALUES (106, CAST(N'2023-06-19T15:09:59.3282913' AS DateTime2), 3, 4, N'nacho@gmail.com', 6)
GO
INSERT [dbo].[Movimientos] ([Id], [Fecha], [IdArticulo], [IdTipoMovimiento], [EmailEncargado], [Cantidad]) VALUES (107, CAST(N'2023-06-19T15:10:04.7277926' AS DateTime2), 40, 6, N'nacho@gmail.com', 5)
GO
INSERT [dbo].[Movimientos] ([Id], [Fecha], [IdArticulo], [IdTipoMovimiento], [EmailEncargado], [Cantidad]) VALUES (108, CAST(N'2023-06-19T15:12:49.8089708' AS DateTime2), 40, 7, N'nacho@gmail.com', 6)
GO
INSERT [dbo].[Movimientos] ([Id], [Fecha], [IdArticulo], [IdTipoMovimiento], [EmailEncargado], [Cantidad]) VALUES (109, CAST(N'2023-06-19T15:12:58.4769565' AS DateTime2), 40, 5, N'nacho@gmail.com', 3)
GO
INSERT [dbo].[Movimientos] ([Id], [Fecha], [IdArticulo], [IdTipoMovimiento], [EmailEncargado], [Cantidad]) VALUES (110, CAST(N'2023-06-19T15:13:05.8956347' AS DateTime2), 3, 3, N'nacho@gmail.com', 10)
GO
INSERT [dbo].[Movimientos] ([Id], [Fecha], [IdArticulo], [IdTipoMovimiento], [EmailEncargado], [Cantidad]) VALUES (111, CAST(N'2021-06-19T15:13:19.1805982' AS DateTime2), 6, 9, N'nacho@gmail.com', 5)
GO
INSERT [dbo].[Movimientos] ([Id], [Fecha], [IdArticulo], [IdTipoMovimiento], [EmailEncargado], [Cantidad]) VALUES (112, CAST(N'2021-06-19T15:17:02.2210332' AS DateTime2), 63, 8, N'nacho@gmail.com', 5)
GO
INSERT [dbo].[Movimientos] ([Id], [Fecha], [IdArticulo], [IdTipoMovimiento], [EmailEncargado], [Cantidad]) VALUES (113, CAST(N'2021-06-19T15:17:08.9501924' AS DateTime2), 17, 5, N'nacho@gmail.com', 5)
GO
INSERT [dbo].[Movimientos] ([Id], [Fecha], [IdArticulo], [IdTipoMovimiento], [EmailEncargado], [Cantidad]) VALUES (114, CAST(N'2021-06-19T15:17:14.3978278' AS DateTime2), 76, 6, N'nacho@gmail.com', 7)
GO
INSERT [dbo].[Movimientos] ([Id], [Fecha], [IdArticulo], [IdTipoMovimiento], [EmailEncargado], [Cantidad]) VALUES (115, CAST(N'2021-06-19T15:17:19.7544046' AS DateTime2), 65, 1, N'nacho@gmail.com', 8)
GO
INSERT [dbo].[Movimientos] ([Id], [Fecha], [IdArticulo], [IdTipoMovimiento], [EmailEncargado], [Cantidad]) VALUES (116, CAST(N'2021-06-19T15:17:27.0391945' AS DateTime2), 65, 3, N'nacho@gmail.com', 3)
GO
INSERT [dbo].[Movimientos] ([Id], [Fecha], [IdArticulo], [IdTipoMovimiento], [EmailEncargado], [Cantidad]) VALUES (117, CAST(N'2021-06-19T15:17:35.4833506' AS DateTime2), 65, 6, N'nacho@gmail.com', 5)
GO
INSERT [dbo].[Movimientos] ([Id], [Fecha], [IdArticulo], [IdTipoMovimiento], [EmailEncargado], [Cantidad]) VALUES (118, CAST(N'2021-06-19T15:17:45.3433005' AS DateTime2), 65, 3, N'nacho@gmail.com', 10)
GO
INSERT [dbo].[Movimientos] ([Id], [Fecha], [IdArticulo], [IdTipoMovimiento], [EmailEncargado], [Cantidad]) VALUES (119, CAST(N'2021-06-19T15:17:52.0692657' AS DateTime2), 65, 2, N'nacho@gmail.com', 5)
GO
INSERT [dbo].[Movimientos] ([Id], [Fecha], [IdArticulo], [IdTipoMovimiento], [EmailEncargado], [Cantidad]) VALUES (120, CAST(N'2021-06-19T15:18:00.7236588' AS DateTime2), 17, 7, N'nacho@gmail.com', 6)
GO
INSERT [dbo].[Movimientos] ([Id], [Fecha], [IdArticulo], [IdTipoMovimiento], [EmailEncargado], [Cantidad]) VALUES (121, CAST(N'2021-06-19T15:18:08.6359859' AS DateTime2), 52, 3, N'nacho@gmail.com', 10)
GO
INSERT [dbo].[Movimientos] ([Id], [Fecha], [IdArticulo], [IdTipoMovimiento], [EmailEncargado], [Cantidad]) VALUES (122, CAST(N'2024-06-19T15:18:23.3107377' AS DateTime2), 63, 7, N'nacho@gmail.com', 3)
GO
INSERT [dbo].[Movimientos] ([Id], [Fecha], [IdArticulo], [IdTipoMovimiento], [EmailEncargado], [Cantidad]) VALUES (123, CAST(N'2024-06-19T15:18:31.3977356' AS DateTime2), 50, 6, N'nacho@gmail.com', 8)
GO
INSERT [dbo].[Movimientos] ([Id], [Fecha], [IdArticulo], [IdTipoMovimiento], [EmailEncargado], [Cantidad]) VALUES (124, CAST(N'2024-06-19T15:18:40.2660280' AS DateTime2), 50, 3, N'nacho@gmail.com', 10)
GO
INSERT [dbo].[Movimientos] ([Id], [Fecha], [IdArticulo], [IdTipoMovimiento], [EmailEncargado], [Cantidad]) VALUES (125, CAST(N'2024-06-19T15:18:48.8228812' AS DateTime2), 70, 3, N'nacho@gmail.com', 10)
GO
INSERT [dbo].[Movimientos] ([Id], [Fecha], [IdArticulo], [IdTipoMovimiento], [EmailEncargado], [Cantidad]) VALUES (126, CAST(N'2024-06-19T15:18:58.7994653' AS DateTime2), 70, 3, N'nacho@gmail.com', 5)
GO
INSERT [dbo].[Movimientos] ([Id], [Fecha], [IdArticulo], [IdTipoMovimiento], [EmailEncargado], [Cantidad]) VALUES (127, CAST(N'2024-06-19T15:19:04.1979767' AS DateTime2), 34, 3, N'nacho@gmail.com', 10)
GO
INSERT [dbo].[Movimientos] ([Id], [Fecha], [IdArticulo], [IdTipoMovimiento], [EmailEncargado], [Cantidad]) VALUES (128, CAST(N'2024-06-19T15:19:11.6252242' AS DateTime2), 59, 3, N'nacho@gmail.com', 10)
GO
INSERT [dbo].[Movimientos] ([Id], [Fecha], [IdArticulo], [IdTipoMovimiento], [EmailEncargado], [Cantidad]) VALUES (129, CAST(N'2024-06-19T15:19:21.2248934' AS DateTime2), 5, 3, N'nacho@gmail.com', 10)
GO
INSERT [dbo].[Movimientos] ([Id], [Fecha], [IdArticulo], [IdTipoMovimiento], [EmailEncargado], [Cantidad]) VALUES (130, CAST(N'2024-06-19T15:19:30.9289919' AS DateTime2), 36, 3, N'nacho@gmail.com', 10)
GO
INSERT [dbo].[Movimientos] ([Id], [Fecha], [IdArticulo], [IdTipoMovimiento], [EmailEncargado], [Cantidad]) VALUES (131, CAST(N'2024-06-19T15:19:41.9528574' AS DateTime2), 24, 3, N'nacho@gmail.com', 10)
GO
INSERT [dbo].[Movimientos] ([Id], [Fecha], [IdArticulo], [IdTipoMovimiento], [EmailEncargado], [Cantidad]) VALUES (132, CAST(N'2024-06-19T15:19:49.8230306' AS DateTime2), 23, 3, N'nacho@gmail.com', 10)
GO
INSERT [dbo].[Movimientos] ([Id], [Fecha], [IdArticulo], [IdTipoMovimiento], [EmailEncargado], [Cantidad]) VALUES (133, CAST(N'2024-06-19T15:19:57.7329359' AS DateTime2), 21, 3, N'nacho@gmail.com', 10)
GO
INSERT [dbo].[Movimientos] ([Id], [Fecha], [IdArticulo], [IdTipoMovimiento], [EmailEncargado], [Cantidad]) VALUES (134, CAST(N'2024-06-19T15:20:04.4953111' AS DateTime2), 22, 3, N'nacho@gmail.com', 10)
GO
INSERT [dbo].[Movimientos] ([Id], [Fecha], [IdArticulo], [IdTipoMovimiento], [EmailEncargado], [Cantidad]) VALUES (135, CAST(N'2024-06-19T15:20:13.0031951' AS DateTime2), 18, 3, N'nacho@gmail.com', 10)
GO
INSERT [dbo].[Movimientos] ([Id], [Fecha], [IdArticulo], [IdTipoMovimiento], [EmailEncargado], [Cantidad]) VALUES (136, CAST(N'2024-06-19T15:20:25.4258800' AS DateTime2), 75, 9, N'nacho@gmail.com', 10)
GO
INSERT [dbo].[Movimientos] ([Id], [Fecha], [IdArticulo], [IdTipoMovimiento], [EmailEncargado], [Cantidad]) VALUES (137, CAST(N'2024-06-19T15:20:31.2762012' AS DateTime2), 26, 3, N'nacho@gmail.com', 10)
GO
INSERT [dbo].[Movimientos] ([Id], [Fecha], [IdArticulo], [IdTipoMovimiento], [EmailEncargado], [Cantidad]) VALUES (138, CAST(N'2024-06-19T15:20:39.4900331' AS DateTime2), 66, 3, N'nacho@gmail.com', 10)
GO
INSERT [dbo].[Movimientos] ([Id], [Fecha], [IdArticulo], [IdTipoMovimiento], [EmailEncargado], [Cantidad]) VALUES (139, CAST(N'2024-06-19T15:20:51.9822572' AS DateTime2), 1, 9, N'nacho@gmail.com', 10)
GO
INSERT [dbo].[Movimientos] ([Id], [Fecha], [IdArticulo], [IdTipoMovimiento], [EmailEncargado], [Cantidad]) VALUES (140, CAST(N'2024-06-19T15:20:58.9816796' AS DateTime2), 44, 9, N'nacho@gmail.com', 10)
GO
INSERT [dbo].[Movimientos] ([Id], [Fecha], [IdArticulo], [IdTipoMovimiento], [EmailEncargado], [Cantidad]) VALUES (141, CAST(N'2024-06-19T15:21:05.7868924' AS DateTime2), 61, 3, N'nacho@gmail.com', 10)
GO
INSERT [dbo].[Movimientos] ([Id], [Fecha], [IdArticulo], [IdTipoMovimiento], [EmailEncargado], [Cantidad]) VALUES (142, CAST(N'2024-06-19T15:21:21.4131939' AS DateTime2), 49, 3, N'nacho@gmail.com', 10)
GO
INSERT [dbo].[Movimientos] ([Id], [Fecha], [IdArticulo], [IdTipoMovimiento], [EmailEncargado], [Cantidad]) VALUES (143, CAST(N'2024-06-19T15:21:31.2340877' AS DateTime2), 54, 3, N'nacho@gmail.com', 10)
GO
INSERT [dbo].[Movimientos] ([Id], [Fecha], [IdArticulo], [IdTipoMovimiento], [EmailEncargado], [Cantidad]) VALUES (144, CAST(N'2024-06-19T15:21:40.1804754' AS DateTime2), 62, 3, N'nacho@gmail.com', 10)
GO
INSERT [dbo].[Movimientos] ([Id], [Fecha], [IdArticulo], [IdTipoMovimiento], [EmailEncargado], [Cantidad]) VALUES (145, CAST(N'2024-06-19T15:22:07.2167486' AS DateTime2), 13, 9, N'nacho@gmail.com', 10)
GO
INSERT [dbo].[Movimientos] ([Id], [Fecha], [IdArticulo], [IdTipoMovimiento], [EmailEncargado], [Cantidad]) VALUES (146, CAST(N'2024-06-19T15:40:11.0018664' AS DateTime2), 3, 9, N'pablo@gmail.com', 10)
GO
INSERT [dbo].[Movimientos] ([Id], [Fecha], [IdArticulo], [IdTipoMovimiento], [EmailEncargado], [Cantidad]) VALUES (147, CAST(N'2024-06-19T15:40:18.8365085' AS DateTime2), 3, 11, N'pablo@gmail.com', 5)
GO
INSERT [dbo].[Movimientos] ([Id], [Fecha], [IdArticulo], [IdTipoMovimiento], [EmailEncargado], [Cantidad]) VALUES (148, CAST(N'2024-06-19T15:40:30.3368732' AS DateTime2), 3, 6, N'pablo@gmail.com', 4)
GO
INSERT [dbo].[Movimientos] ([Id], [Fecha], [IdArticulo], [IdTipoMovimiento], [EmailEncargado], [Cantidad]) VALUES (149, CAST(N'2024-06-19T15:40:37.1010381' AS DateTime2), 3, 7, N'pablo@gmail.com', 2)
GO
INSERT [dbo].[Movimientos] ([Id], [Fecha], [IdArticulo], [IdTipoMovimiento], [EmailEncargado], [Cantidad]) VALUES (150, CAST(N'2024-06-19T15:40:44.4164353' AS DateTime2), 3, 10, N'pablo@gmail.com', 8)
GO
INSERT [dbo].[Movimientos] ([Id], [Fecha], [IdArticulo], [IdTipoMovimiento], [EmailEncargado], [Cantidad]) VALUES (151, CAST(N'2024-06-19T15:40:55.9253959' AS DateTime2), 3, 8, N'pablo@gmail.com', 2)
GO
INSERT [dbo].[Movimientos] ([Id], [Fecha], [IdArticulo], [IdTipoMovimiento], [EmailEncargado], [Cantidad]) VALUES (152, CAST(N'2024-06-19T15:41:04.8232753' AS DateTime2), 3, 11, N'pablo@gmail.com', 1)
GO
INSERT [dbo].[Movimientos] ([Id], [Fecha], [IdArticulo], [IdTipoMovimiento], [EmailEncargado], [Cantidad]) VALUES (153, CAST(N'2024-06-19T15:41:09.5938878' AS DateTime2), 3, 12, N'pablo@gmail.com', 1)
GO
INSERT [dbo].[Movimientos] ([Id], [Fecha], [IdArticulo], [IdTipoMovimiento], [EmailEncargado], [Cantidad]) VALUES (154, CAST(N'2024-06-19T15:41:19.4228549' AS DateTime2), 3, 5, N'pablo@gmail.com', 5)
GO
INSERT [dbo].[Movimientos] ([Id], [Fecha], [IdArticulo], [IdTipoMovimiento], [EmailEncargado], [Cantidad]) VALUES (155, CAST(N'2024-06-19T15:41:25.8801925' AS DateTime2), 3, 4, N'pablo@gmail.com', 4)
GO
INSERT [dbo].[Movimientos] ([Id], [Fecha], [IdArticulo], [IdTipoMovimiento], [EmailEncargado], [Cantidad]) VALUES (156, CAST(N'2024-06-19T15:43:03.8962450' AS DateTime2), 30, 9, N'pablo@gmail.com', 10)
GO
INSERT [dbo].[Movimientos] ([Id], [Fecha], [IdArticulo], [IdTipoMovimiento], [EmailEncargado], [Cantidad]) VALUES (157, CAST(N'2024-06-19T15:54:45.9488124' AS DateTime2), 3, 1, N'pablo@gmail.com', 10)
GO
INSERT [dbo].[Movimientos] ([Id], [Fecha], [IdArticulo], [IdTipoMovimiento], [EmailEncargado], [Cantidad]) VALUES (158, CAST(N'2024-06-19T15:54:55.0031619' AS DateTime2), 30, 1, N'pablo@gmail.com', 5)
GO
INSERT [dbo].[Movimientos] ([Id], [Fecha], [IdArticulo], [IdTipoMovimiento], [EmailEncargado], [Cantidad]) VALUES (159, CAST(N'2024-06-19T15:54:59.9350378' AS DateTime2), 34, 1, N'pablo@gmail.com', 5)
GO
INSERT [dbo].[Movimientos] ([Id], [Fecha], [IdArticulo], [IdTipoMovimiento], [EmailEncargado], [Cantidad]) VALUES (160, CAST(N'2024-06-19T15:55:04.4691573' AS DateTime2), 50, 1, N'pablo@gmail.com', 5)
GO
INSERT [dbo].[Movimientos] ([Id], [Fecha], [IdArticulo], [IdTipoMovimiento], [EmailEncargado], [Cantidad]) VALUES (161, CAST(N'2024-06-19T15:55:15.0115233' AS DateTime2), 26, 1, N'pablo@gmail.com', 10)
GO
INSERT [dbo].[Movimientos] ([Id], [Fecha], [IdArticulo], [IdTipoMovimiento], [EmailEncargado], [Cantidad]) VALUES (162, CAST(N'2024-06-19T15:55:22.4254666' AS DateTime2), 27, 1, N'pablo@gmail.com', 10)
GO
INSERT [dbo].[Movimientos] ([Id], [Fecha], [IdArticulo], [IdTipoMovimiento], [EmailEncargado], [Cantidad]) VALUES (163, CAST(N'2024-06-19T15:55:29.1385883' AS DateTime2), 45, 1, N'pablo@gmail.com', 10)
GO
INSERT [dbo].[Movimientos] ([Id], [Fecha], [IdArticulo], [IdTipoMovimiento], [EmailEncargado], [Cantidad]) VALUES (164, CAST(N'2024-06-19T15:55:36.4027810' AS DateTime2), 47, 1, N'pablo@gmail.com', 10)
GO
INSERT [dbo].[Movimientos] ([Id], [Fecha], [IdArticulo], [IdTipoMovimiento], [EmailEncargado], [Cantidad]) VALUES (165, CAST(N'2024-06-19T15:55:43.4527918' AS DateTime2), 80, 1, N'pablo@gmail.com', 6)
GO
INSERT [dbo].[Movimientos] ([Id], [Fecha], [IdArticulo], [IdTipoMovimiento], [EmailEncargado], [Cantidad]) VALUES (166, CAST(N'2024-06-19T15:55:50.6791960' AS DateTime2), 44, 1, N'pablo@gmail.com', 6)
GO
INSERT [dbo].[Movimientos] ([Id], [Fecha], [IdArticulo], [IdTipoMovimiento], [EmailEncargado], [Cantidad]) VALUES (167, CAST(N'2024-06-19T15:56:01.6049741' AS DateTime2), 71, 1, N'pablo@gmail.com', 8)
GO
SET IDENTITY_INSERT [dbo].[Movimientos] OFF
GO
INSERT [dbo].[Configuraciones] ([Nombre], [Valor]) VALUES (N'IVA', 22)
GO
INSERT [dbo].[Configuraciones] ([Nombre], [Valor]) VALUES (N'PlazoDiasEntregaExpress', 5)
GO
INSERT [dbo].[Configuraciones] ([Nombre], [Valor]) VALUES (N'TopeMaxPorPagina', 5)
GO
INSERT [dbo].[Configuraciones] ([Nombre], [Valor]) VALUES (N'TopeMaxUnidadesStock', 10)
GO
SET IDENTITY_INSERT [dbo].[Usuarios] ON 
GO
INSERT [dbo].[Usuarios] ([Id], [Email], [NombreCompleto_Nombre], [NombreCompleto_Apellido], [Password], [PasswordEncriptada], [Discriminator]) VALUES (1, N'angel@gmail.com', N'Angel', N'Vaz', N'Av.123', N'05AFF431A799CE185361E6D59316FA3CB2276AD884ADB6DF08476353D590510A', N'Administrador')
GO
INSERT [dbo].[Usuarios] ([Id], [Email], [NombreCompleto_Nombre], [NombreCompleto_Apellido], [Password], [PasswordEncriptada], [Discriminator]) VALUES (2, N'rodri@gmail.com', N'Rodrigo', N'Cristaldo', N'Rc.123', N'2B9BDC3CF581D657BEE09DEE3A6710725A1B4F952D210ED34D831F3FBAC87B15', N'Administrador')
GO
INSERT [dbo].[Usuarios] ([Id], [Email], [NombreCompleto_Nombre], [NombreCompleto_Apellido], [Password], [PasswordEncriptada], [Discriminator]) VALUES (3, N'lucas@gmail.com', N'Lucas', N'Lopez', N'Ll.123', N'10AFE9FB0BF99D379FB200EDB4A798C52E32CE9F55C444657290126CD0071FDC', N'Administrador')
GO
INSERT [dbo].[Usuarios] ([Id], [Email], [NombreCompleto_Nombre], [NombreCompleto_Apellido], [Password], [PasswordEncriptada], [Discriminator]) VALUES (4, N'sofia@gmail.com', N'Sofia', N'Ferreira', N'Sf.123', N'743DF59A818D065D4D9977DE62D2D8E008BCE5C55003B6BC39842B9AA4986A6C', N'Administrador')
GO
INSERT [dbo].[Usuarios] ([Id], [Email], [NombreCompleto_Nombre], [NombreCompleto_Apellido], [Password], [PasswordEncriptada], [Discriminator]) VALUES (5, N'mauri@gmail.com', N'Mauricio', N'Cousillas', N'Mc.123', N'7EBD12EEF3CE039F095CE4B1D36683E4834A4EE039A86D03C69885295FFC3520', N'Administrador')
GO
INSERT [dbo].[Usuarios] ([Id], [Email], [NombreCompleto_Nombre], [NombreCompleto_Apellido], [Password], [PasswordEncriptada], [Discriminator]) VALUES (7, N'cerv@gmail.com', N'Miguelito', N'de Cervantes', N'Md.123', N'F439F2432362B1FABAC10B8BBA399C582B2881D5F4ACA4E58E9F1EFF3252A0B6', N'Administrador')
GO
INSERT [dbo].[Usuarios] ([Id], [Email], [NombreCompleto_Nombre], [NombreCompleto_Apellido], [Password], [PasswordEncriptada], [Discriminator]) VALUES (8, N'teresita@gmail.com', N'Tere-sita', N'Cabrera', N'Tc.123', N'649BD9B73151A2307C17F5F2F962CCE8108D15AD98B26DF106A5BBC943CF3B18', N'Administrador')
GO
INSERT [dbo].[Usuarios] ([Id], [Email], [NombreCompleto_Nombre], [NombreCompleto_Apellido], [Password], [PasswordEncriptada], [Discriminator]) VALUES (9, N'mario@gmail.com', N'Mario', N'D''Amores', N'Md.123', N'F439F2432362B1FABAC10B8BBA399C582B2881D5F4ACA4E58E9F1EFF3252A0B6', N'Administrador')
GO
INSERT [dbo].[Usuarios] ([Id], [Email], [NombreCompleto_Nombre], [NombreCompleto_Apellido], [Password], [PasswordEncriptada], [Discriminator]) VALUES (10, N'miria@gmail.com', N'Miria', N'Morales Morales', N'Mm.123', N'2789BAB235D04DFE94696DA5FF9131DCFDAB0BDF02C887F8854B14772C059372', N'Administrador')
GO
INSERT [dbo].[Usuarios] ([Id], [Email], [NombreCompleto_Nombre], [NombreCompleto_Apellido], [Password], [PasswordEncriptada], [Discriminator]) VALUES (11, N'janet@gmail.com', N'Janet', N'Neves', N'Jn.123', N'EB2AE52785A5787F34B58AC4CFA7D8543080FF9ECFECB45FBB43850F6A038235', N'Administrador')
GO
INSERT [dbo].[Usuarios] ([Id], [Email], [NombreCompleto_Nombre], [NombreCompleto_Apellido], [Password], [PasswordEncriptada], [Discriminator]) VALUES (12, N'gsosa@gmail.com', N'Gabriela', N'Sosa', N'Gs.123', N'FAA2231B35EBFEDAFDA7764142A793B533B3A688549773FEE591CBA2B2CB6A6F', N'Encargado')
GO
INSERT [dbo].[Usuarios] ([Id], [Email], [NombreCompleto_Nombre], [NombreCompleto_Apellido], [Password], [PasswordEncriptada], [Discriminator]) VALUES (13, N'nacho@gmail.com', N'Nacho', N'Berni', N'Nb.123', N'FE96902CE93899D926D1B119DC89E036FFAE58B8B80E2ADCB62D23F0CD8823A5', N'Encargado')
GO
INSERT [dbo].[Usuarios] ([Id], [Email], [NombreCompleto_Nombre], [NombreCompleto_Apellido], [Password], [PasswordEncriptada], [Discriminator]) VALUES (14, N'lopez@gmail.com', N'Lorena', N'Lopez', N'Ll.123', N'10AFE9FB0BF99D379FB200EDB4A798C52E32CE9F55C444657290126CD0071FDC', N'Encargado')
GO
INSERT [dbo].[Usuarios] ([Id], [Email], [NombreCompleto_Nombre], [NombreCompleto_Apellido], [Password], [PasswordEncriptada], [Discriminator]) VALUES (15, N'pablo@gmail.com', N'Pablo', N'Clavijo', N'Pc.123', N'8214A712F695CB6D178AD3B81BAFC0BA733DF804143C85E4D8B4DBF2958157D0', N'Encargado')
GO
INSERT [dbo].[Usuarios] ([Id], [Email], [NombreCompleto_Nombre], [NombreCompleto_Apellido], [Password], [PasswordEncriptada], [Discriminator]) VALUES (16, N'luis@gmail.com', N'Luis', N'Silvera', N'Ls.123', N'48A6BE2B677AED7AAE967CE52CAB5BF6A851D1E46ECF80E37A75E2AEE415E247', N'Encargado')
GO
SET IDENTITY_INSERT [dbo].[Usuarios] OFF
GO
